{"0": [88.0, 103.99999999999999, 105.0, 105.0, 105.0, 105.0, 105.0, 105.0, 116.0, 116.0, 116.0, 116.0, 121.00000000000001, 121.00000000000001, 121.00000000000001, 121.00000000000001, 121.00000000000001, 121.00000000000001, 121.00000000000001, 121.00000000000001, 127.00000000000001, 127.00000000000001, 127.00000000000001, 127.00000000000001, 132.0, 132.0, 132.0, 132.0, 132.0, 132.0, 132.0, 142.0, 142.0, 142.0, 142.0, 142.0, 148.0, 148.0, 148.0, 148.0, 148.0, 148.0, 148.0, 148.0, 148.0, 148.0, 148.0, 148.0, 148.0, 148.0, 148.0, 148.0, 148.0, 148.0, 148.0, 148.0, 148.0, 148.0, 148.0, 148.0, 151.0, 151.0, 151.0, 151.0, 151.0, 151.0, 151.0, 151.0, 151.0, 151.0, 151.0, 151.0, 151.0, 151.0, 151.0, 151.0, 151.0, 151.0, 151.0, 151.0, 151.0, 151.0, 151.0, 151.0, 151.0, 151.0, 151.0, 151.0, 151.0, 151.0, 151.0, 151.0, 151.0, 151.0, 151.0, 151.0, 151.0, 151.0, 151.0, 151.0], "1": [109.0, 122.00000000000001, 122.00000000000001, 122.00000000000001, 122.00000000000001, 122.00000000000001, 122.00000000000001, 122.00000000000001, 122.00000000000001, 122.00000000000001, 122.00000000000001, 122.00000000000001, 122.00000000000001, 122.00000000000001, 122.00000000000001, 122.00000000000001, 122.00000000000001, 122.00000000000001, 122.00000000000001, 126.00000000000001, 126.00000000000001, 126.00000000000001, 131.0, 131.0, 131.0, 131.0, 131.0, 131.0, 131.0, 131.0, 132.0, 132.0, 138.00000000000003, 138.00000000000003, 138.00000000000003, 138.00000000000003, 138.00000000000003, 138.00000000000003, 138.00000000000003, 138.00000000000003, 138.00000000000003, 138.00000000000003, 138.00000000000003, 138.00000000000003, 138.00000000000003, 138.00000000000003, 138.00000000000003, 138.00000000000003, 138.00000000000003, 138.00000000000003, 138.00000000000003, 138.00000000000003, 138.00000000000003, 138.00000000000003, 138.00000000000003, 138.00000000000003, 150.0, 150.0, 150.0, 150.0, 150.0, 150.0, 150.0, 150.0, 150.0, 150.0, 150.0, 150.0, 150.0, 150.0, 150.0, 150.0, 150.0, 150.0, 150.0, 150.0, 150.0, 150.0, 150.0, 150.0, 150.0, 150.0, 150.0, 150.0, 150.0, 150.0, 150.0, 150.0, 150.0, 150.0, 150.0, 150.0, 150.0, 150.0, 150.0, 150.0, 150.0, 150.0, 150.0, 150.0], "2": [107.0, 107.0, 107.0, 109.99999999999999, 113.0, 113.0, 113.0, 113.0, 113.0, 113.0, 113.0, 113.0, 127.0, 127.0, 127.0, 127.0, 127.0, 127.0, 127.0, 127.0, 127.0, 127.0, 127.0, 127.00000000000001, 127.00000000000001, 128.0, 129.00000000000003, 129.00000000000003, 129.00000000000003, 129.00000000000003, 129.00000000000003, 129.00000000000003, 129.00000000000003, 129.00000000000003, 129.00000000000003, 129.00000000000003, 129.00000000000003, 129.00000000000003, 129.00000000000003, 129.00000000000003, 129.00000000000003, 129.00000000000003, 129.00000000000003, 129.00000000000003, 129.00000000000003, 129.00000000000003, 129.00000000000003, 129.00000000000003, 133.00000000000003, 133.00000000000003, 133.00000000000003, 133.00000000000003, 133.00000000000003, 133.00000000000003, 135.0, 135.0, 135.0, 135.0, 135.0, 135.0, 135.0, 135.0, 135.0, 135.0, 135.0, 135.00000000000003, 135.00000000000003, 135.00000000000003, 135.00000000000003, 135.00000000000003, 135.00000000000003, 135.00000000000003, 135.00000000000003, 135.00000000000003, 135.00000000000003, 135.00000000000003, 135.00000000000003, 135.00000000000003, 135.00000000000003, 135.00000000000003, 135.00000000000003, 138.00000000000003, 138.00000000000003, 138.00000000000003, 138.00000000000003, 138.00000000000003, 138.00000000000003, 138.00000000000003, 138.00000000000003, 138.00000000000003, 138.00000000000003, 138.00000000000003, 138.00000000000003, 138.00000000000003, 138.00000000000003, 138.00000000000003, 139.0, 139.0, 139.0, 140.0], "3": [92.00000000000001, 110.0, 110.0, 110.0, 110.0, 112.00000000000001, 112.00000000000001, 112.00000000000001, 112.00000000000001, 112.00000000000001, 112.00000000000001, 112.00000000000001, 112.00000000000001, 131.0, 131.0, 131.0, 131.0, 131.0, 131.0, 131.0, 131.0, 131.0, 131.0, 131.0, 131.0, 131.0, 131.0, 131.0, 131.0, 131.0, 131.0, 131.0, 131.0, 131.0, 131.0, 131.0, 131.0, 131.0, 131.0, 131.0, 131.0, 131.0, 131.0, 131.0, 131.0, 131.0, 131.0, 131.0, 131.0, 131.0, 131.0, 131.0, 131.0, 131.0, 131.0, 133.0, 133.0, 133.0, 133.0, 133.0, 133.0, 133.0, 133.0, 133.0, 133.0, 133.0, 133.0, 133.0, 133.0, 133.0, 133.0, 133.0, 138.0, 138.0, 138.0, 138.0, 138.0, 138.0, 138.0, 138.0, 140.00000000000003, 140.00000000000003, 140.00000000000003, 140.00000000000003, 140.00000000000003, 140.00000000000003, 140.00000000000003, 140.00000000000003, 140.00000000000003, 140.00000000000003, 140.00000000000003, 140.00000000000003, 140.00000000000003, 140.00000000000003, 140.00000000000003, 140.00000000000003, 140.00000000000003, 140.00000000000003, 140.00000000000003, 140.00000000000003], "4": [116.0, 116.0, 116.0, 116.0, 116.0, 118.0, 118.0, 118.0, 118.0, 118.0, 118.0, 118.0, 118.0, 118.0, 118.0, 125.00000000000001, 125.00000000000001, 125.00000000000001, 125.00000000000001, 125.00000000000001, 125.00000000000001, 125.00000000000001, 126.00000000000001, 126.00000000000001, 126.00000000000001, 126.00000000000001, 126.00000000000001, 126.00000000000001, 126.00000000000001, 126.00000000000001, 137.0, 137.0, 137.0, 137.0, 137.0, 137.0, 137.0, 137.0, 138.0, 138.0, 138.0, 138.0, 138.0, 138.0, 138.0, 140.0, 140.0, 140.0, 140.0, 140.0, 140.0, 140.0, 140.0, 140.0, 140.0, 140.0, 140.0, 140.0, 140.0, 140.0, 140.0, 140.0, 140.0, 140.0, 140.0, 140.0, 140.0, 140.0, 140.0, 143.0, 143.0, 143.0, 143.0, 143.0, 143.0, 143.0, 143.0, 143.0, 143.0, 143.0, 143.0, 143.0, 143.0, 143.0, 143.0, 143.0, 143.0, 143.0, 143.0, 143.0, 143.0, 143.0, 143.0, 143.0, 143.0, 143.0, 143.0, 143.0, 143.0, 143.0], "5": [88.99999999999999, 90.0, 115.99999999999997, 115.99999999999997, 115.99999999999997, 115.99999999999997, 115.99999999999997, 115.99999999999997, 115.99999999999997, 115.99999999999997, 115.99999999999997, 124.0, 124.0, 124.0, 124.0, 124.0, 124.0, 136.0, 136.0, 136.0, 136.0, 136.0, 136.0, 137.0, 137.0, 137.0, 137.0, 137.0, 137.0, 137.0, 137.0, 137.0, 137.0, 137.0, 137.0, 137.0, 137.0, 137.0, 137.0, 137.0, 137.0, 137.0, 137.0, 137.0, 137.0, 137.0, 137.0, 137.0, 142.0, 142.0, 142.0, 142.0, 142.0, 142.0, 142.0, 142.0, 142.0, 142.0, 142.0, 142.0, 142.0, 142.0, 142.0, 142.0, 142.0, 142.0, 142.0, 142.0, 142.0, 142.0, 142.0, 142.0, 142.0, 142.0, 142.0, 142.0, 142.0, 142.0, 142.0, 142.0, 142.0, 142.0, 142.0, 142.0, 142.0, 142.0, 142.0, 142.0, 142.0, 142.0, 142.0, 142.0, 142.0, 142.0, 142.0, 143.0, 143.0, 143.0, 143.0, 143.0],