{"0": [113.0, 120.00000000000001, 120.00000000000001, 120.00000000000001, 124.0, 124.0, 124.0, 124.0, 124.0, 124.0, 124.0, 124.0, 124.0, 127.00000000000001, 127.00000000000001, 131.0, 131.0, 131.0, 131.0, 131.0, 131.0, 131.0, 140.0, 140.0, 140.0, 140.0, 140.0, 140.0, 140.0, 140.0], "1": [108.99999999999999, 108.99999999999999, 109.0, 110.0, 112.00000000000001, 122.99999999999999, 122.99999999999999, 122.99999999999999, 122.99999999999999, 122.99999999999999, 131.0, 132.00000000000003, 132.00000000000003, 132.00000000000003, 132.00000000000003, 132.00000000000003, 138.0, 138.0, 138.0, 138.0, 138.0, 138.0, 138.0, 138.0, 138.0, 138.0, 138.0, 138.0, 138.0, 138.0], "2": [106.0, 106.00000000000001, 106.00000000000001, 113.00000000000003, 113.00000000000003, 113.00000000000003, 117.0, 117.0, 117.0, 121.0, 121.00000000000001, 121.00000000000001, 123.0, 123.0, 123.0, 123.99999999999999, 133.00000000000003, 133.00000000000003, 133.00000000000003, 133.00000000000003, 133.00000000000003, 134.00000000000003, 134.00000000000003, 141.00000000000003, 141.00000000000003, 141.00000000000003, 141.00000000000003, 141.00000000000003, 141.00000000000003, 142.0], "3": [106.0, 106.0, 116.00000000000003, 120.00000000000001, 120.00000000000001, 120.00000000000001, 120.00000000000001, 124.0, 124.0, 124.0, 124.0, 124.0, 124.0, 124.0, 124.0, 124.0, 124.0, 127.00000000000001, 133.00000000000003, 133.00000000000003, 133.00000000000003, 133.00000000000003, 133.00000000000003, 135.00000000000003, 135.00000000000003, 135.00000000000003, 135.00000000000003, 135.00000000000003, 139.0, 139.0], "4": [124.99999999999999, 124.99999999999999, 124.99999999999999, 124.99999999999999, 124.99999999999999, 124.99999999999999, 124.99999999999999, 124.99999999999999, 124.99999999999999, 124.99999999999999, 125.00000000000001, 125.00000000000001, 125.00000000000001, 125.00000000000001, 131.0, 131.0, 131.0, 131.0, 137.00000000000003, 137.00000000000003, 137.00000000000003, 137.00000000000003, 137.00000000000003, 137.00000000000003, 137.00000000000003, 137.00000000000003, 137.00000000000003, 137.00000000000003, 137.00000000000003, 140.00000000000003], "5": [114.0, 114.0, 114.0, 114.0, 116.0, 117.99999999999999, 117.99999999999999, 117.99999999999999, 122.0, 122.0, 123.0, 123.0, 123.0, 123.0, 130.00000000000003, 130.00000000000003, 130.00000000000003, 130.00000000000003, 130.00000000000003, 132.0, 132.0, 132.0, 132.0, 132.0, 132.0, 135.0, 135.0, 137.0, 137.0, 137.0], "6": [104.00000000000003, 121.0, 121.0, 121.0, 121.0, 121.0, 121.0, 125.0, 125.0, 125.0, 125.0, 125.0, 125.0, 127.99999999999999, 130.0, 130.0, 130.0, 144.0, 144.0, 144.0, 144.0, 144.0, 144.0, 144.0, 144.0, 144.0, 144.0, 144.0, 144.0, 144.0], "7": [120.0, 120.0, 120.0, 121.00000000000001, 121.00000000000001, 121.00000000000001, 121.00000000000001, 121.00000000000001, 122.99999999999999, 122.99999999999999, 122.99999999999999, 129.0, 129.0, 129.0, 129.0, 129.0, 129.0, 129.0, 129.0, 134.00000000000003, 134.00000000000003, 134.00000000000003, 134.00000000000003, 134.00000000000003, 134.00000000000003, 134.00000000000003, 141.0, 141.0, 141.0, 141.0], "8": [116.0, 116.0, 116.0, 116.0, 116.0, 116.0, 120.0, 120.0, 120.0, 120.0, 120.0, 126.0, 126.0, 126.0, 126.0, 126.0, 127.0, 127.0, 127.0, 127.0, 127.0, 127.99999999999999, 132.0, 136.0, 136.0, 136.0, 136.0, 136.0, 136.0, 136.0], "9": [109.99999999999999, 112.99999999999999, 112.99999999999999, 112.99999999999999, 120.0, 123.00000000000003, 123.00000000000003, 123.00000000000003, 123.00000000000003, 123.00000000000003, 123.00000000000003, 123.00000000000003, 123.00000000000003, 123.00000000000003, 123.00000000000003, 123.00000000000003, 129.0, 129.0, 129.0, 130.0, 130.0, 130.00000000000003, 130.00000000000003, 130.00000000000003, 130.00000000000003, 130.00000000000003, 130.00000000000003, 133.0, 133.0, 143.00000000000003]}