{"0": [505.0, 561.9999999999999, 561.9999999999999, 561.9999999999999, 580.9999999999999, 580.9999999999999, 580.9999999999999, 580.9999999999999, 580.9999999999999, 580.9999999999999, 580.9999999999999, 580.9999999999999, 580.9999999999999, 580.9999999999999, 580.9999999999999, 580.9999999999999, 580.9999999999999, 580.9999999999999, 580.9999999999999, 580.9999999999999, 580.9999999999999, 580.9999999999999, 580.9999999999999, 580.9999999999999, 580.9999999999999, 580.9999999999999, 580.9999999999999, 580.9999999999999, 587.0, 587.0, 587.0000000000001, 590.0, 590.0, 590.0, 590.0, 600.0000000000002, 600.0000000000002, 600.0000000000002, 603.0000000000002, 603.0000000000002, 603.0000000000002, 603.0000000000002, 610.0000000000001, 610.0000000000001, 617.9999999999999, 617.9999999999999, 617.9999999999999, 617.9999999999999, 617.9999999999999, 617.9999999999999, 617.9999999999999, 617.9999999999999, 617.9999999999999, 617.9999999999999, 620.0000000000001, 620.0000000000001, 620.0000000000001, 628.9999999999999, 628.9999999999999, 628.9999999999999, 654.9999999999999, 654.9999999999999, 654.9999999999999, 654.9999999999999, 654.9999999999999, 654.9999999999999, 654.9999999999999, 654.9999999999999, 654.9999999999999, 654.9999999999999, 670.0, 676.9999999999999, 676.9999999999999, 676.9999999999999, 676.9999999999999, 676.9999999999999, 676.9999999999999, 676.9999999999999, 676.9999999999999, 676.9999999999999, 676.9999999999999, 676.9999999999999, 676.9999999999999, 676.9999999999999, 676.9999999999999, 676.9999999999999, 676.9999999999999, 676.9999999999999, 682.9999999999998, 682.9999999999998, 682.9999999999998, 682.9999999999998, 682.9999999999998, 682.9999999999998, 682.9999999999998, 682.9999999999998, 682.9999999999998, 682.9999999999998, 682.9999999999998, 682.9999999999998], "1": [521.0000000000001, 531.0000000000001, 578.0, 578.0, 578.0, 578.0, 578.0, 578.0, 578.0, 578.0, 578.0, 578.0, 578.0, 578.0, 578.0, 578.0, 578.0, 579.9999999999998, 579.9999999999998, 579.9999999999998, 588.0000000000002, 588.0000000000002, 588.0000000000002, 588.0000000000002, 588.0000000000002, 588.0000000000002, 588.0000000000002, 588.0000000000002, 588.0000000000002, 588.0000000000002, 588.0000000000002, 598.0, 598.0, 598.0, 598.0, 598.0, 598.0, 598.0, 598.0, 598.0, 598.0, 627.9999999999998, 627.9999999999998, 627.9999999999998, 627.9999999999998, 627.9999999999998, 627.9999999999998, 627.9999999999998, 627.9999999999998, 627.9999999999998, 627.9999999999998, 627.9999999999998, 627.9999999999998, 627.9999999999998, 627.9999999999998, 627.9999999999998, 627.9999999999998, 627.9999999999998, 627.9999999999998, 627.9999999999998, 627.9999999999998, 627.9999999999998, 638.9999999999999, 638.9999999999999, 638.9999999999999, 638.9999999999999, 638.9999999999999, 667.9999999999998, 667.9999999999998, 667.9999999999998, 668.9999999999997, 668.9999999999997, 668.9999999999997, 668.9999999999998, 673.9999999999999, 673.9999999999999, 673.9999999999999, 673.9999999999999, 673.9999999999999, 673.9999999999999, 673.9999999999999, 673.9999999999999, 673.9999999999999, 673.9999999999999, 673.9999999999999, 673.9999999999999, 673.9999999999999, 673.9999999999999, 673.9999999999999, 679.9999999999999, 679.9999999999999, 679.9999999999999, 679.9999999999999, 679.9999999999999, 679.9999999999999, 679.9999999999999, 679.9999999999999, 684.0, 689.9999999999998, 689.9999999999998], "2": [514.0000000000002, 514.9999999999999, 533.0000000000001, 544.0, 544.0, 544.0, 544.0, 544.0, 544.0, 544.0, 544.0, 544.0, 555.0000000000001, 555.0000000000001, 555.0000000000001, 555.0000000000001, 555.0000000000001, 571.0, 571.0, 571.0, 571.0, 571.0, 571.0, 571.0, 571.0, 571.0, 571.0, 571.0, 571.0, 582.0, 582.0, 582.0, 582.0, 595.9999999999999, 595.9999999999999, 595.9999999999999, 595.9999999999999, 603.9999999999999, 603.9999999999999, 603.9999999999999, 603.9999999999999, 610.9999999999999, 610.9999999999999, 610.9999999999999, 610.9999999999999, 610.9999999999999, 610.9999999999999, 610.9999999999999, 610.9999999999999, 610.9999999999999, 610.9999999999999, 610.9999999999999, 610.9999999999999, 610.9999999999999, 618.9999999999999, 618.9999999999999, 618.9999999999999, 618.9999999999999, 628.9999999999999, 628.9999999999999, 628.9999999999999, 628.9999999999999, 639.0, 639.0, 639.0, 639.0, 639.0, 639.0, 639.0, 639.0, 639.0, 649.9999999999999, 649.9999999999999, 653.9999999999998, 653.9999999999998, 653.9999999999998, 653.9999999999998, 653.9999999999998, 653.9999999999998, 664.9999999999999, 664.9999999999999, 671.0, 671.0, 671.0, 671.0, 671.0, 671.0, 671.0, 681.0000000000002, 681.0000000000002, 681.0000000000002, 681.0000000000002, 681.9999999999999, 681.9999999999999, 681.9999999999999, 681.9999999999999, 681.9999999999999, 689.0000000000002, 689.0000000000002, 689.0000000000002]}