{"0": [111.0, 111.0, 116.0, 116.0, 116.0, 116.0, 116.0, 116.0, 116.0, 116.0, 117.99999999999999, 117.99999999999999, 117.99999999999999, 128.0, 128.0, 128.0, 128.0, 128.0, 128.0, 128.0, 128.0, 128.0, 128.0, 128.0, 128.0, 128.0, 128.0, 128.0, 128.0, 129.0, 132.00000000000003, 132.00000000000003, 132.00000000000003, 132.00000000000003, 134.99999999999997, 134.99999999999997, 134.99999999999997, 134.99999999999997, 134.99999999999997, 134.99999999999997, 142.00000000000003, 142.00000000000003, 142.00000000000003, 142.00000000000003, 142.00000000000003, 142.00000000000003, 142.00000000000003, 142.00000000000003, 142.00000000000003, 142.00000000000003, 142.00000000000003, 142.00000000000003, 142.00000000000003, 142.00000000000003, 142.00000000000003, 142.00000000000003, 142.00000000000003, 142.00000000000003, 142.00000000000003, 142.00000000000003, 142.00000000000003, 142.00000000000003, 142.00000000000003, 142.00000000000003, 142.00000000000003, 142.00000000000003, 142.00000000000003, 142.00000000000003, 142.00000000000003, 142.00000000000003, 142.00000000000003, 142.00000000000003, 142.00000000000003, 142.00000000000003, 142.00000000000003, 142.00000000000003, 142.00000000000003, 142.00000000000003, 142.00000000000003, 142.00000000000003, 142.00000000000003, 142.00000000000003, 142.00000000000003, 142.00000000000003, 142.00000000000003, 142.00000000000003, 142.00000000000003, 142.00000000000003, 142.00000000000003, 142.00000000000003, 142.00000000000003, 142.00000000000003, 142.00000000000003, 142.00000000000003, 142.00000000000003, 142.00000000000003, 142.00000000000003, 142.00000000000003, 142.00000000000003, 142.00000000000003], "1": [101.00000000000001, 112.0, 112.0, 112.99999999999999, 112.99999999999999, 112.99999999999999, 112.99999999999999, 116.0, 117.00000000000001, 122.00000000000001, 122.00000000000001, 122.00000000000001, 122.00000000000001, 122.00000000000001, 134.00000000000003, 134.00000000000003, 134.00000000000003, 139.00000000000003, 139.00000000000003, 139.00000000000003, 154.0, 154.0, 154.0, 154.0, 154.0, 154.0, 154.0, 154.0, 154.0, 154.0, 154.0, 154.0, 154.0, 154.0, 154.0, 154.0, 154.0, 154.0, 154.0, 154.0, 154.0, 154.0, 154.0, 154.0, 154.0, 154.0, 154.0, 154.0, 154.0, 154.0, 154.0, 154.0, 154.0, 154.0, 154.0, 154.0, 154.0, 154.0, 154.0, 154.0, 154.0, 154.0, 154.0, 154.0, 154.0, 154.0, 154.0, 154.0, 154.0, 154.0, 154.0, 154.0, 154.0, 154.0, 154.0, 154.0, 154.0, 154.0, 154.0, 154.0, 154.0, 154.0, 154.0, 154.0, 154.0, 154.0, 154.0, 154.0, 154.0, 154.0, 154.0, 154.0, 154.0, 154.0, 154.0, 154.0, 154.0, 154.0, 154.0, 154.0], "2": [106.00000000000001, 106.00000000000001, 106.00000000000001, 108.0, 108.0, 108.0, 108.0, 108.0, 108.0, 108.0, 117.0, 117.0, 117.0, 124.0, 124.0, 125.0, 125.0, 125.0, 125.0, 125.0, 125.0, 125.0, 125.0, 129.0, 129.0, 129.0, 129.0, 138.0, 138.0, 138.0, 138.0, 138.0, 138.0, 138.0, 138.0, 138.0, 138.0, 138.0, 138.0, 144.0, 144.0, 144.0, 144.0, 144.0, 144.0, 144.0, 144.0, 144.0, 144.0, 144.0, 144.0, 144.0, 144.0, 144.0, 144.0, 144.0, 144.0, 144.0, 144.0, 144.0, 144.0, 144.0, 144.0, 144.0, 144.0, 144.0, 144.0, 144.0, 144.0, 144.0, 144.0, 144.0, 144.0, 144.0, 144.0, 144.0, 144.0, 144.0, 144.0, 144.0, 144.0, 144.0, 144.0, 144.0, 144.0, 144.0, 144.0, 144.0, 144.0, 144.0, 144.0, 144.0, 144.0, 144.0, 144.0, 144.0, 144.0, 144.0, 144.0, 144.0], "3": [110.0, 110.0, 111.0, 111.0, 111.0, 111.0, 111.0, 111.0, 111.0, 119.0, 120.99999999999997, 120.99999999999997, 120.99999999999997, 120.99999999999997, 120.99999999999997, 120.99999999999997, 120.99999999999997, 120.99999999999997, 121.99999999999997, 121.99999999999997, 121.99999999999997, 121.99999999999997, 121.99999999999997, 121.99999999999997, 121.99999999999997, 128.0, 128.0, 135.00000000000003, 135.00000000000003, 135.00000000000003, 135.00000000000003, 135.00000000000003, 135.00000000000003, 135.00000000000003, 135.00000000000003, 135.00000000000003, 135.00000000000003, 135.00000000000003, 135.00000000000003, 137.0, 137.0, 137.0, 137.0, 137.0, 137.0, 137.0, 138.0, 138.0, 138.0, 138.0, 138.0, 138.0, 153.0, 153.0, 153.0, 153.0, 153.0, 153.0, 153.0, 153.0, 153.0, 153.0, 153.0, 153.0, 153.0, 153.0, 153.0, 153.0, 153.0, 153.0, 153.0, 153.0, 153.0, 153.0, 153.0, 153.0, 153.0, 153.0, 153.0, 153.0, 153.0, 153.0, 153.0, 153.0, 153.0, 153.0, 153.0, 153.0, 153.0, 153.0, 153.0, 153.0, 153.0, 153.0, 153.0, 153.0, 153.0, 153.0, 153.0, 153.0], "4": [119.00000000000003, 119.00000000000003, 119.00000000000003, 119.00000000000003, 119.00000000000003, 119.00000000000003, 119.00000000000003, 119.00000000000003, 119.00000000000003, 121.0, 121.0, 121.0, 121.0, 121.0, 121.99999999999997, 131.0, 131.0, 131.0, 131.0, 131.0, 131.0, 131.0, 131.0, 131.0, 131.0, 136.0, 136.0, 136.0, 136.0, 136.0, 136.0, 136.0, 136.0, 141.00000000000003, 143.0, 143.0, 143.0, 143.0, 143.0, 143.0, 143.0, 143.0, 143.0, 143.0, 143.0, 143.0, 145.00000000000003, 145.00000000000003, 145.00000000000003, 145.00000000000003, 145.00000000000003, 145.00000000000003, 145.00000000000003, 145.00000000000003, 145.00000000000003, 145.00000000000003, 145.00000000000003, 145.00000000000003, 145.00000000000003, 145.00000000000003, 145.00000000000003, 145.00000000000003, 145.00000000000003, 145.00000000000003, 145.00000000000003, 145.00000000000003, 145.00000000000003, 145.00000000000003, 145.00000000000003, 145.00000000000003, 145.00000000000003, 145.00000000000003, 145.00000000000003, 145.00000000000003, 145.00000000000003, 145.00000000000003, 145.00000000000003, 145.00000000000003, 145.00000000000003, 145.00000000000003, 145.00000000000003, 145.00000000000003, 145.00000000000003, 145.00000000000003, 145.00000000000003, 145.00000000000003, 145.00000000000003, 145.00000000000003, 145.00000000000003, 145.00000000000003, 145.00000000000003, 145.00000000000003, 145.00000000000003, 145.00000000000003, 145.00000000000003, 145.00000000000003, 145.00000000000003, 145.00000000000003, 145.00000000000003, 145.00000000000003], "5": [105.0, 105.0, 105.0, 105.0, 105.0, 105.0, 111.99999999999997, 115.0, 122.99999999999999, 122.99999999999999, 122.99999999999999, 122.99999999999999, 122.99999999999999, 122.99999999999999, 126.00000000000001, 126.00000000000001, 126.00000000000001, 126.00000000000001, 126.00000000000001, 130.99999999999997, 138.0, 138.0, 138.0, 138.0, 138.0, 138.0, 138.0, 138.0, 138.0, 138.0, 138.0, 138.0, 138.0, 138.0, 138.0, 138.0, 138.0, 138.0, 138.0, 138.0, 138.0, 138.0, 138.0, 138.0, 138.0, 138.0, 138.0, 138.0, 138.0, 138.0, 138.0, 138.0, 138.0, 138.0, 138.0, 138.0, 138.0, 138.0, 138.0, 138.0, 138.0, 138.0, 138.0, 138.0, 138.0, 138.0, 138.0, 138.0, 138.0, 138.0, 144.00000000000003, 144.00000000000003, 144.00000000000003, 144.00000000000003, 144.00000000000003, 144.00000000000003, 144.00000000000003, 144.00000000000003, 144.00000000000003, 144.00000000000003, 144.00000000000003, 144.00000000000003, 144.00000000000003, 144.00000000000003, 144.00000000000003, 144.00000000000003, 144.00000000000003, 144.00000000000003, 144.00000000000003, 144.00000000000003, 144.00000000000003, 144.00000000000003, 144.00000000000003, 147.0, 147.0, 147.0, 147.0, 147.0, 147.0, 147.0],