{"0": [103.0, 117.00000000000001, 117.00000000000001, 117.00000000000003, 117.00000000000003, 117.00000000000003, 117.00000000000003, 117.00000000000003, 117.99999999999999, 117.99999999999999, 123.0, 125.00000000000001, 125.00000000000001, 132.0, 132.0, 132.0, 132.0, 132.0, 138.0, 138.0, 138.0, 138.0, 139.99999999999997, 139.99999999999997, 139.99999999999997, 139.99999999999997, 139.99999999999997, 139.99999999999997, 139.99999999999997, 139.99999999999997, 139.99999999999997, 139.99999999999997, 139.99999999999997, 139.99999999999997, 143.0, 159.00000000000003, 159.00000000000003, 159.00000000000003, 159.00000000000003, 159.00000000000003, 159.00000000000003, 159.00000000000003, 159.00000000000003, 159.00000000000003, 159.00000000000003, 159.00000000000003, 159.00000000000003, 159.00000000000003, 159.00000000000003, 159.00000000000003, 159.00000000000003, 159.00000000000003, 159.00000000000003, 159.00000000000003, 159.00000000000003, 159.00000000000003, 159.00000000000003, 159.00000000000003, 159.00000000000003, 159.00000000000003, 159.00000000000003, 159.00000000000003, 159.00000000000003, 159.00000000000003, 159.00000000000003, 159.00000000000003, 159.00000000000003, 159.00000000000003, 159.00000000000003, 159.00000000000003, 159.00000000000003, 159.00000000000003, 159.00000000000003, 159.00000000000003, 159.00000000000003, 159.00000000000003, 159.00000000000003, 159.00000000000003, 159.00000000000003, 159.00000000000003, 159.00000000000003, 159.00000000000003, 159.00000000000003, 159.00000000000003, 159.00000000000003, 159.00000000000003, 159.00000000000003, 159.00000000000003, 159.00000000000003, 159.00000000000003, 159.00000000000003, 159.00000000000003, 159.00000000000003, 159.00000000000003, 159.00000000000003, 159.00000000000003, 159.00000000000003, 159.00000000000003, 159.00000000000003, 159.00000000000003], "1": [103.99999999999999, 108.0, 108.0, 109.0, 117.99999999999999, 117.99999999999999, 117.99999999999999, 118.0, 118.0, 119.00000000000003, 123.0, 123.0, 123.0, 123.0, 123.0, 123.0, 123.0, 123.0, 127.00000000000001, 129.00000000000003, 131.0, 131.0, 131.0, 137.99999999999997, 137.99999999999997, 137.99999999999997, 137.99999999999997, 137.99999999999997, 137.99999999999997, 137.99999999999997, 137.99999999999997, 142.0, 142.0, 142.0, 142.0, 142.0, 142.0, 142.0, 142.0, 142.0, 142.0, 142.0, 142.0, 142.0, 142.0, 142.0, 142.0, 142.0, 142.0, 142.0, 142.0, 142.0, 143.0, 143.0, 143.0, 143.0, 143.0, 143.0, 144.00000000000003, 144.00000000000003, 144.00000000000003, 144.00000000000003, 144.00000000000003, 144.00000000000003, 144.00000000000003, 144.00000000000003, 144.00000000000003, 144.00000000000003, 144.00000000000003, 144.00000000000003, 144.00000000000003, 144.00000000000003, 150.0, 150.0, 150.0, 150.0, 150.0, 150.0, 150.0, 150.0, 150.0, 150.0, 150.0, 150.0, 150.0, 150.0, 150.0, 150.0, 150.0, 150.0, 150.0, 150.0, 150.0, 150.0, 150.0, 150.0, 150.0, 150.0, 150.0, 150.0], "2": [102.00000000000001, 110.99999999999997, 119.0, 119.0, 119.0, 119.0, 119.0, 119.0, 122.99999999999999, 122.99999999999999, 122.99999999999999, 122.99999999999999, 122.99999999999999, 122.99999999999999, 122.99999999999999, 132.0, 132.0, 132.0, 132.0, 136.0, 136.0, 136.0, 136.0, 136.0, 136.0, 136.0, 136.0, 136.0, 136.0, 136.0, 142.0, 142.0, 142.0, 142.0, 142.0, 142.0, 142.0, 142.0, 142.0, 142.0, 142.0, 142.0, 142.0, 142.0, 142.0, 142.0, 142.0, 142.0, 142.0, 142.0, 142.0, 142.0, 142.0, 142.0, 142.0, 157.0, 157.0, 157.0, 157.0, 157.0, 157.0, 157.0, 157.0, 157.0, 157.0, 157.0, 157.0, 157.0, 157.0, 157.0, 157.0, 157.0, 157.0, 157.0, 157.0, 157.0, 157.0, 157.0, 157.0, 157.0, 157.0, 157.0, 157.0, 157.0, 157.0, 157.0, 157.0, 157.0, 157.0, 157.0, 157.0, 157.0, 157.0, 157.0, 157.0, 157.0, 157.0, 157.0, 157.0, 157.0], "3": [109.0, 119.0, 119.0, 119.0, 119.0, 124.0, 124.0, 124.0, 124.0, 124.0, 124.0, 124.0, 124.00000000000003, 124.00000000000003, 124.00000000000003, 124.00000000000003, 124.00000000000003, 128.00000000000003, 128.00000000000003, 134.0, 134.0, 134.0, 134.0, 147.0, 147.0, 147.0, 147.0, 147.0, 147.0, 147.0, 147.0, 147.0, 147.0, 147.0, 147.0, 147.0, 147.0, 147.0, 147.0, 147.0, 147.0, 147.0, 147.0, 147.0, 147.0, 147.0, 147.0, 147.0, 147.0, 147.0, 147.0, 147.0, 148.00000000000003, 148.00000000000003, 148.00000000000003, 148.00000000000003, 148.00000000000003, 148.00000000000003, 148.00000000000003, 148.00000000000003, 148.00000000000003, 148.00000000000003, 148.00000000000003, 148.00000000000003, 148.00000000000003, 148.00000000000003, 148.00000000000003, 148.00000000000003, 148.00000000000003, 148.00000000000003, 148.00000000000003, 148.00000000000003, 148.00000000000003, 148.00000000000003, 148.00000000000003, 148.00000000000003, 148.00000000000003, 148.00000000000003, 148.00000000000003, 148.00000000000003, 148.00000000000003, 148.00000000000003, 148.00000000000003, 148.00000000000003, 148.00000000000003, 148.00000000000003, 148.00000000000003, 148.00000000000003, 148.00000000000003, 148.00000000000003, 148.00000000000003, 148.00000000000003, 148.00000000000003, 148.00000000000003, 148.00000000000003, 148.00000000000003, 148.00000000000003, 148.00000000000003, 148.00000000000003, 148.00000000000003], "4": [107.99999999999999, 107.99999999999999, 114.0, 118.00000000000003, 119.00000000000003, 119.00000000000003, 119.00000000000003, 119.00000000000003, 119.00000000000003, 119.00000000000003, 123.0, 123.0, 123.0, 123.0, 123.0, 123.0, 126.00000000000003, 126.00000000000003, 126.00000000000003, 131.0, 131.0, 131.0, 144.0, 144.0, 144.0, 144.0, 144.0, 144.0, 144.0, 144.0, 144.0, 144.0, 144.0, 144.0, 144.0, 144.0, 144.0, 144.0, 144.0, 144.0, 144.0, 144.0, 144.0, 144.0, 144.0, 144.0, 144.0, 144.0, 144.0, 144.0, 144.0, 144.0, 144.0, 144.0, 144.0, 144.0, 144.0, 144.0, 144.0, 144.0, 144.0, 144.0, 144.0, 144.0, 144.0, 144.0, 144.0, 144.0, 144.0, 144.0, 144.0, 144.0, 144.0, 144.0, 144.0, 144.0, 144.0, 144.0, 144.0, 145.00000000000003, 145.00000000000003, 145.00000000000003, 147.0, 147.0, 147.0, 147.0, 147.0, 147.0, 147.0, 147.0, 147.0, 147.0, 147.0, 147.0, 147.0, 147.0, 147.0, 147.0, 147.0, 147.0], "5": [110.0, 121.0, 121.0, 121.0, 121.0, 121.0, 121.0, 137.0, 137.0, 137.0, 137.0, 137.0, 137.0, 137.0, 137.0, 137.0, 137.0, 137.0, 137.0, 137.0, 137.0, 137.0, 137.0, 137.0, 137.0, 137.0, 137.0, 137.0, 137.0, 137.0, 137.0, 150.0, 150.0, 150.0, 150.0, 150.0, 150.0, 150.0, 150.0, 150.0, 150.0, 150.0, 151.0, 151.0, 151.0, 151.0, 151.0, 151.0, 151.0, 151.0, 151.0, 151.0, 151.0, 151.0, 151.0, 151.0, 151.0, 151.0, 151.0, 151.0, 151.0, 151.0, 151.0, 151.0, 151.0, 151.0, 151.0, 151.0, 151.0, 151.0, 151.0, 151.0, 151.0, 152.00000000000003, 152.00000000000003, 152.00000000000003, 152.00000000000003, 152.00000000000003, 152.00000000000003, 152.00000000000003, 152.00000000000003, 152.00000000000003, 152.00000000000003, 152.00000000000003, 152.00000000000003, 152.00000000000003, 152.00000000000003, 152.00000000000003, 152.00000000000003, 152.00000000000003, 152.00000000000003, 152.00000000000003, 152.00000000000003, 152.00000000000003, 152.00000000000003, 152.00000000000003, 152.00000000000003, 152.00000000000003, 152.00000000000003, 152.00000000000003],