{"0": [103.0, 104.00000000000003, 104.00000000000003, 104.00000000000003, 104.00000000000003, 109.0, 109.0, 120.00000000000001, 120.00000000000001, 120.00000000000001, 123.0, 123.0, 123.0, 123.0, 123.0, 123.0, 123.0, 136.0, 136.0, 136.0, 136.0, 136.0, 136.0, 136.0, 136.0, 136.0, 136.0, 136.0, 136.0, 136.0], "1": [103.0, 105.99999999999997, 105.99999999999997, 107.0, 107.0, 107.0, 107.0, 107.0, 120.00000000000003, 120.00000000000003, 120.00000000000003, 120.00000000000003, 120.00000000000003, 120.00000000000003, 123.99999999999999, 123.99999999999999, 123.99999999999999, 124.00000000000003, 124.00000000000003, 124.00000000000003, 129.0, 129.0, 129.0, 129.0, 132.0, 132.0, 132.0, 132.0, 132.0, 132.0], "2": [99.0, 99.0, 99.0, 123.0, 123.0, 123.0, 123.0, 123.0, 127.00000000000001, 127.00000000000001, 127.00000000000001, 127.00000000000001, 127.00000000000001, 131.0, 131.0, 131.0, 131.0, 131.0, 131.0, 131.0, 131.0, 131.0, 131.0, 131.0, 131.0, 131.0, 134.0, 134.0, 134.0, 134.0], "3": [110.0, 110.0, 110.0, 110.0, 110.0, 119.0, 119.0, 119.0, 119.0, 132.99999999999997, 132.99999999999997, 132.99999999999997, 132.99999999999997, 132.99999999999997, 132.99999999999997, 132.99999999999997, 132.99999999999997, 133.0, 133.0, 133.0, 133.0, 133.0, 133.0, 133.0, 140.0, 140.0, 140.0, 140.0, 140.0, 140.0], "4": [102.00000000000001, 110.00000000000001, 116.00000000000003, 116.00000000000003, 116.00000000000003, 116.00000000000003, 116.00000000000003, 116.00000000000003, 116.00000000000003, 116.00000000000003, 116.00000000000003, 116.00000000000003, 116.00000000000003, 116.00000000000003, 116.00000000000003, 116.00000000000003, 116.00000000000003, 116.00000000000003, 116.00000000000003, 116.00000000000003, 123.99999999999999, 123.99999999999999, 123.99999999999999, 123.99999999999999, 123.99999999999999, 123.99999999999999, 123.99999999999999, 138.0, 138.0, 138.0], "5": [96.0, 96.0, 101.0, 101.0, 101.0, 101.0, 102.0, 117.00000000000001, 117.00000000000001, 119.0, 119.0, 119.0, 119.0, 119.0, 127.99999999999999, 127.99999999999999, 127.99999999999999, 127.99999999999999, 127.99999999999999, 127.99999999999999, 127.99999999999999, 127.99999999999999, 127.99999999999999, 127.99999999999999, 127.99999999999999, 129.0, 129.0, 129.0, 129.0, 129.0], "6": [99.99999999999999, 115.0, 115.0, 115.0, 115.0, 115.0, 115.0, 123.99999999999999, 123.99999999999999, 123.99999999999999, 123.99999999999999, 123.99999999999999, 127.0, 127.0, 127.0, 127.0, 127.0, 127.00000000000003, 127.00000000000003, 127.00000000000003, 127.00000000000003, 127.00000000000003, 127.00000000000003, 127.00000000000003, 129.00000000000003, 138.00000000000003, 138.00000000000003, 138.00000000000003, 138.00000000000003, 138.00000000000003], "7": [108.0, 108.0, 108.0, 108.0, 108.0, 108.0, 108.0, 108.0, 108.0, 108.0, 113.00000000000003, 122.00000000000001, 122.00000000000001, 122.00000000000001, 122.00000000000001, 122.00000000000001, 124.00000000000003, 131.0, 131.0, 131.0, 131.0, 131.0, 131.0, 131.0, 131.0, 131.0, 131.0, 131.0, 131.0, 131.0], "8": [95.0, 100.0, 100.0, 102.00000000000001, 102.00000000000001, 116.00000000000001, 117.0, 117.0, 117.0, 117.0, 117.0, 117.0, 128.0, 131.0, 131.0, 131.0, 131.0, 131.0, 132.0, 132.0, 132.0, 132.0, 133.00000000000003, 133.00000000000003, 133.00000000000003, 133.00000000000003, 133.00000000000003, 133.00000000000003, 133.00000000000003, 133.00000000000003], "9": [100.00000000000001, 101.0, 101.0, 101.0, 123.00000000000003, 123.00000000000003, 123.00000000000003, 123.00000000000003, 123.00000000000003, 123.00000000000003, 123.00000000000003, 123.00000000000003, 123.00000000000003, 123.00000000000003, 123.00000000000003, 123.00000000000003, 123.00000000000003, 123.00000000000003, 123.00000000000003, 155.0, 155.0, 155.0, 155.0, 155.0, 155.0, 155.0, 155.0, 155.0, 155.0, 155.0]}