{"0": [114.00000000000003, 114.00000000000003, 114.00000000000003, 114.00000000000003, 114.00000000000003, 114.00000000000003, 119.00000000000003, 119.00000000000003, 119.00000000000003, 119.00000000000003, 119.00000000000003, 127.00000000000001, 127.00000000000001, 127.00000000000001, 127.00000000000001, 127.00000000000001, 136.0, 136.0, 136.0, 136.0, 136.0, 136.0, 136.0, 136.0, 136.0, 136.0, 136.0, 136.0, 136.0, 136.0], "1": [110.0, 110.0, 110.0, 112.0, 122.0, 122.0, 122.0, 122.0, 122.0, 122.0, 122.0, 122.0, 122.0, 122.0, 122.0, 122.0, 129.0, 129.0, 129.0, 129.0, 129.0, 129.0, 129.0, 133.0, 133.0, 133.0, 133.0, 138.0, 138.0, 143.0], "2": [118.99999999999999, 118.99999999999999, 118.99999999999999, 118.99999999999999, 118.99999999999999, 118.99999999999999, 118.99999999999999, 118.99999999999999, 124.99999999999999, 133.0, 137.0, 137.0, 137.0, 137.0, 137.0, 137.0, 137.0, 137.0, 137.0, 137.0, 137.0, 137.0, 137.0, 137.0, 137.0, 137.0, 137.0, 137.0, 137.0, 137.0], "3": [107.99999999999999, 116.00000000000001, 116.00000000000001, 117.00000000000003, 117.00000000000003, 117.00000000000003, 117.00000000000003, 117.00000000000003, 117.00000000000003, 118.0, 121.00000000000001, 121.00000000000001, 121.00000000000001, 121.00000000000001, 121.00000000000001, 121.00000000000001, 132.0, 132.0, 132.0, 132.0, 132.0, 134.0, 134.0, 134.0, 134.0, 134.0, 134.0, 134.0, 134.0, 134.0], "4": [104.0, 108.99999999999999, 109.00000000000003, 109.99999999999999, 109.99999999999999, 109.99999999999999, 111.0, 120.0, 120.0, 120.0, 124.0, 124.0, 124.0, 124.0, 124.0, 124.0, 124.99999999999999, 124.99999999999999, 127.00000000000001, 127.00000000000001, 127.00000000000001, 127.00000000000001, 127.00000000000001, 128.0, 128.0, 130.99999999999997, 136.99999999999997, 136.99999999999997, 136.99999999999997, 136.99999999999997], "5": [103.0, 103.99999999999999, 103.99999999999999, 103.99999999999999, 111.0, 116.00000000000001, 116.00000000000001, 123.00000000000003, 123.00000000000003, 123.00000000000003, 123.00000000000003, 123.00000000000003, 123.00000000000003, 123.00000000000003, 123.00000000000003, 123.00000000000003, 132.0, 132.0, 132.0, 132.0, 132.0, 132.0, 132.0, 134.0, 134.0, 135.0, 135.0, 135.0, 135.0, 137.00000000000003], "6": [114.0, 114.0, 114.0, 114.0, 114.0, 114.0, 118.0, 118.0, 118.0, 118.0, 118.0, 118.0, 125.99999999999997, 125.99999999999997, 125.99999999999997, 125.99999999999997, 133.00000000000003, 133.00000000000003, 133.00000000000003, 133.00000000000003, 139.0, 139.0, 139.0, 146.0, 146.0, 146.0, 146.0, 146.0, 146.0, 146.0], "7": [110.0, 111.00000000000001, 116.0, 116.0, 117.0, 117.0, 117.00000000000001, 117.00000000000001, 117.00000000000001, 117.00000000000001, 117.00000000000001, 117.00000000000001, 120.0, 132.00000000000003, 132.00000000000003, 136.0, 136.0, 136.0, 136.0, 136.0, 136.0, 136.0, 136.0, 136.0, 136.0, 136.0, 136.0, 136.0, 136.0, 136.0], "8": [107.99999999999999, 113.00000000000003, 113.00000000000003, 113.00000000000003, 113.00000000000003, 113.00000000000003, 113.00000000000003, 113.00000000000003, 143.00000000000003, 143.00000000000003, 143.00000000000003, 143.00000000000003, 143.00000000000003, 143.00000000000003, 143.00000000000003, 143.00000000000003, 143.00000000000003, 143.00000000000003, 143.00000000000003, 143.00000000000003, 143.00000000000003, 143.00000000000003, 143.00000000000003, 143.00000000000003, 143.00000000000003, 146.0, 146.0, 146.0, 146.0, 146.0], "9": [121.0, 123.0, 123.0, 123.0, 123.0, 123.0, 123.0, 123.0, 125.0, 125.0, 125.0, 125.0, 125.0, 125.0, 125.0, 125.0, 125.0, 125.0, 125.0, 125.0, 125.0, 125.0, 127.99999999999999, 127.99999999999999, 127.99999999999999, 127.99999999999999, 127.99999999999999, 127.99999999999999, 127.99999999999999, 131.0]}