{"0": [108.99999999999999, 108.99999999999999, 108.99999999999999, 119.00000000000003, 119.00000000000003, 119.00000000000003, 119.00000000000003, 119.00000000000003, 119.00000000000003, 119.00000000000003, 123.0, 123.0, 123.0, 123.0, 123.0, 123.0, 123.0, 123.0, 123.0, 142.00000000000003, 142.00000000000003, 142.00000000000003, 142.00000000000003, 142.00000000000003, 142.00000000000003, 142.00000000000003, 142.00000000000003, 142.00000000000003, 142.00000000000003, 142.00000000000003, 142.00000000000003, 142.00000000000003, 142.00000000000003, 142.00000000000003, 147.0, 147.0, 147.0, 147.0, 147.0, 147.0, 148.0, 148.0, 148.0, 148.0, 148.0, 148.0, 148.0, 148.0, 148.0, 148.0, 148.0, 148.0, 148.0, 148.0, 148.0, 148.0, 148.0, 148.0, 148.0, 148.0, 148.0, 148.0, 148.0, 148.0, 148.0, 148.0, 148.0, 148.0, 148.0, 148.0, 148.0, 148.0, 148.0, 148.0, 148.0, 148.0, 148.0, 148.0, 148.0, 148.0, 148.0, 148.0, 148.0, 148.0, 148.0, 148.0, 148.0, 148.0, 148.0, 148.0, 148.0, 148.0, 148.0, 148.0, 148.0, 148.0, 148.0, 148.0, 148.0, 148.0], "1": [113.0, 113.0, 113.0, 113.0, 113.0, 121.0, 121.0, 121.0, 121.0, 121.0, 121.0, 125.00000000000001, 125.00000000000001, 125.00000000000001, 125.00000000000001, 125.00000000000001, 125.00000000000001, 125.00000000000001, 125.00000000000001, 125.00000000000001, 125.00000000000001, 134.00000000000003, 134.00000000000003, 134.00000000000003, 134.00000000000003, 134.00000000000003, 134.00000000000003, 134.00000000000003, 134.00000000000003, 134.00000000000003, 134.00000000000003, 134.00000000000003, 134.00000000000003, 134.00000000000003, 137.00000000000003, 137.00000000000003, 137.00000000000003, 137.00000000000003, 137.00000000000003, 142.0, 142.0, 142.0, 142.0, 142.0, 142.0, 142.0, 142.0, 142.0, 142.0, 142.0, 142.0, 142.0, 145.00000000000003, 145.00000000000003, 145.00000000000003, 145.00000000000003, 145.00000000000003, 145.00000000000003, 145.00000000000003, 145.00000000000003, 145.00000000000003, 145.00000000000003, 145.00000000000003, 145.00000000000003, 145.00000000000003, 145.00000000000003, 145.00000000000003, 145.00000000000003, 145.00000000000003, 145.00000000000003, 145.00000000000003, 145.00000000000003, 145.00000000000003, 145.00000000000003, 145.00000000000003, 145.00000000000003, 145.00000000000003, 145.00000000000003, 147.0, 147.0, 147.0, 147.0, 147.0, 147.0, 151.0, 151.0, 151.0, 151.0, 151.0, 151.0, 151.0, 151.0, 151.0, 151.0, 151.0, 151.0, 151.0, 151.0, 151.0, 151.0], "2": [119.0, 119.0, 119.0, 119.0, 119.0, 119.0, 119.0, 119.0, 119.0, 129.0, 129.0, 129.0, 129.0, 129.0, 129.00000000000003, 130.0, 130.0, 130.0, 130.0, 130.0, 130.0, 130.0, 135.00000000000003, 135.00000000000003, 135.00000000000003, 135.00000000000003, 135.00000000000003, 135.00000000000003, 137.00000000000003, 137.00000000000003, 137.00000000000003, 137.00000000000003, 137.00000000000003, 137.00000000000003, 137.00000000000003, 137.00000000000003, 137.00000000000003, 137.00000000000003, 141.0, 141.0, 141.0, 141.0, 141.0, 141.0, 141.0, 141.0, 141.0, 141.0, 141.0, 141.0, 141.0, 142.0, 142.0, 146.0, 146.0, 146.0, 146.0, 146.0, 146.0, 146.0, 146.0, 146.0, 146.0, 146.0, 146.0, 146.0, 146.0, 146.0, 146.0, 146.0, 146.0, 146.0, 146.0, 146.0, 146.0, 146.0, 146.0, 146.0, 146.0, 155.00000000000003, 155.00000000000003, 155.00000000000003, 155.00000000000003, 155.00000000000003, 155.00000000000003, 155.00000000000003, 155.00000000000003, 155.00000000000003, 155.00000000000003, 155.00000000000003, 155.00000000000003, 155.00000000000003, 155.00000000000003, 155.00000000000003, 155.00000000000003, 155.00000000000003, 155.00000000000003, 155.00000000000003, 155.00000000000003, 155.00000000000003], "3": [105.0, 121.0, 121.0, 121.0, 121.0, 121.0, 121.0, 121.0, 121.0, 121.0, 123.0, 123.0, 123.0, 123.0, 123.0, 129.00000000000003, 129.00000000000003, 134.0, 134.00000000000003, 134.00000000000003, 134.00000000000003, 134.00000000000003, 137.00000000000003, 137.00000000000003, 137.00000000000003, 137.00000000000003, 137.00000000000003, 137.00000000000003, 137.00000000000003, 137.00000000000003, 138.0, 138.0, 138.0, 145.0, 145.0, 146.0, 146.0, 146.0, 146.0, 146.0, 146.0, 146.0, 146.0, 146.0, 146.0, 146.0, 146.0, 146.0, 146.0, 146.0, 146.0, 146.0, 146.0, 146.0, 146.0, 146.0, 146.0, 146.0, 146.0, 146.0, 146.0, 146.0, 148.0, 148.0, 148.0, 148.0, 148.0, 148.0, 148.0, 148.0, 148.0, 148.0, 148.0, 148.0, 148.0, 148.0, 148.0, 148.0, 148.0, 148.0, 148.0, 148.0, 148.0, 148.0, 148.0, 148.0, 148.0, 148.0, 148.0, 148.0, 148.0, 148.0, 148.0, 148.0, 148.0, 148.0, 148.0, 148.0, 148.0, 148.0], "4": [118.00000000000003, 118.00000000000003, 118.00000000000003, 118.00000000000003, 118.00000000000003, 118.00000000000003, 123.0, 123.0, 123.0, 123.0, 123.0, 123.0, 123.0, 123.0, 123.0, 123.0, 123.0, 123.0, 123.0, 127.00000000000001, 127.00000000000001, 127.00000000000001, 127.00000000000001, 127.00000000000001, 127.00000000000001, 127.00000000000001, 127.00000000000001, 127.00000000000001, 127.00000000000001, 127.00000000000001, 127.00000000000001, 136.00000000000003, 136.00000000000003, 145.00000000000003, 145.00000000000003, 145.00000000000003, 145.00000000000003, 145.00000000000003, 145.00000000000003, 145.00000000000003, 145.00000000000003, 145.00000000000003, 145.00000000000003, 145.00000000000003, 145.00000000000003, 145.00000000000003, 145.00000000000003, 145.00000000000003, 145.00000000000003, 145.00000000000003, 145.00000000000003, 145.00000000000003, 145.00000000000003, 145.00000000000003, 145.00000000000003, 145.00000000000003, 145.00000000000003, 145.00000000000003, 145.00000000000003, 145.00000000000003, 145.00000000000003, 145.00000000000003, 145.00000000000003, 145.00000000000003, 145.00000000000003, 145.00000000000003, 145.00000000000003, 145.00000000000003, 145.00000000000003, 145.00000000000003, 145.00000000000003, 145.00000000000003, 145.00000000000003, 145.00000000000003, 145.00000000000003, 145.00000000000003, 145.00000000000003, 145.00000000000003, 145.00000000000003, 145.00000000000003, 145.00000000000003, 145.00000000000003, 145.00000000000003, 145.00000000000003, 145.00000000000003, 145.00000000000003, 145.00000000000003, 145.00000000000003, 145.00000000000003, 147.0, 147.0, 147.0, 147.0, 147.0, 147.0, 147.0, 147.0, 147.0, 147.0, 147.0], "5": [116.00000000000001, 116.00000000000001, 116.00000000000001, 116.00000000000001, 116.00000000000001, 124.00000000000003, 131.00000000000003, 131.00000000000003, 131.00000000000003, 131.00000000000003, 131.00000000000003, 131.00000000000003, 131.00000000000003, 131.00000000000003, 131.00000000000003, 131.00000000000003, 131.00000000000003, 131.00000000000003, 131.00000000000003, 135.00000000000003, 135.00000000000003, 135.00000000000003, 135.00000000000003, 135.00000000000003, 135.00000000000003, 135.00000000000003, 135.00000000000003, 135.00000000000003, 135.00000000000003, 139.99999999999997, 139.99999999999997, 139.99999999999997, 139.99999999999997, 139.99999999999997, 139.99999999999997, 139.99999999999997, 139.99999999999997, 139.99999999999997, 139.99999999999997, 139.99999999999997, 139.99999999999997, 139.99999999999997, 150.0, 150.0, 150.0, 150.0, 150.0, 150.0, 150.0, 150.0, 150.0, 150.0, 150.0, 150.0, 150.0, 150.0, 150.0, 150.0, 150.0, 150.0, 150.0, 150.0, 150.0, 150.0, 150.0, 150.0, 150.0, 150.0, 150.0, 150.0, 150.0, 150.0, 150.0, 150.0, 150.0, 150.0, 150.0, 150.0, 150.0, 150.0, 150.0, 150.0, 150.0, 150.0, 150.0, 150.0, 150.0, 150.0, 150.0, 150.0, 150.0, 150.0, 150.0, 150.0, 150.0, 150.0, 150.0, 150.0, 150.0, 150.0],