{"0": [525.0000000000001, 525.0000000000001, 525.0000000000001, 535.0000000000001, 535.0000000000001, 535.0000000000001, 535.0000000000001, 535.0000000000001, 535.0000000000001, 535.0000000000001, 536.0000000000001, 542.0, 542.0, 542.0, 542.0, 542.0, 542.0, 542.0, 552.0, 552.0, 552.0, 552.0, 552.0, 552.0, 563.9999999999999, 563.9999999999999, 563.9999999999999, 563.9999999999999, 566.0000000000001, 566.0000000000001, 573.0, 573.0, 573.0, 573.0, 573.0, 583.0000000000001, 583.0000000000001, 583.0000000000001, 583.0000000000001, 583.0000000000001, 583.0000000000001, 587.9999999999998, 587.9999999999998, 587.9999999999998, 587.9999999999998, 602.0, 602.0, 602.0, 602.0, 602.0, 602.0, 632.9999999999999, 632.9999999999999, 632.9999999999999, 632.9999999999999, 632.9999999999999, 632.9999999999999, 632.9999999999999, 632.9999999999999, 632.9999999999999, 632.9999999999999, 632.9999999999999, 632.9999999999999, 632.9999999999999, 632.9999999999999, 632.9999999999999, 632.9999999999999, 643.0, 643.0, 643.0, 652.9999999999998, 652.9999999999998, 652.9999999999998, 652.9999999999998, 652.9999999999998, 652.9999999999998, 652.9999999999998, 653.0000000000002, 653.0000000000002, 653.0000000000002, 653.0000000000002, 658.0000000000002, 658.0000000000002, 658.0000000000002, 658.0000000000002, 658.0000000000002, 658.0000000000002, 683.9999999999999, 683.9999999999999, 683.9999999999999, 683.9999999999999, 683.9999999999999, 683.9999999999999, 683.9999999999999, 683.9999999999999, 683.9999999999999, 683.9999999999999, 683.9999999999999, 683.9999999999999, 683.9999999999999], "1": [514.0000000000001, 514.0000000000001, 514.0000000000001, 518.0000000000001, 518.0000000000001, 518.0000000000001, 553.0000000000002, 553.0000000000002, 553.0000000000002, 553.0000000000002, 553.0000000000002, 553.0000000000002, 553.0000000000002, 553.0000000000002, 553.0000000000002, 553.0000000000002, 561.0000000000001, 561.0000000000001, 561.0000000000001, 561.0000000000001, 561.0000000000001, 561.0000000000001, 561.0000000000001, 561.0000000000001, 561.0000000000001, 561.0000000000001, 561.0000000000001, 561.0000000000001, 561.0000000000003, 561.0000000000003, 575.0, 575.0, 575.0, 575.0, 575.0, 575.0, 575.0, 575.0, 586.0000000000001, 586.0000000000001, 608.0000000000001, 608.0000000000001, 608.0000000000001, 608.0000000000001, 608.0000000000001, 608.0000000000001, 608.0000000000001, 608.0000000000001, 608.0000000000001, 608.0000000000001, 608.0000000000001, 608.0000000000001, 608.0000000000001, 608.0000000000001, 608.0000000000001, 642.0, 642.0, 642.0, 642.0, 656.9999999999998, 656.9999999999998, 656.9999999999998, 656.9999999999998, 656.9999999999998, 656.9999999999998, 656.9999999999998, 656.9999999999998, 656.9999999999998, 656.9999999999998, 656.9999999999998, 656.9999999999998, 656.9999999999998, 656.9999999999998, 656.9999999999998, 656.9999999999998, 656.9999999999998, 674.9999999999999, 674.9999999999999, 674.9999999999999, 674.9999999999999, 674.9999999999999, 674.9999999999999, 674.9999999999999, 674.9999999999999, 674.9999999999999, 674.9999999999999, 674.9999999999999, 678.9999999999998, 678.9999999999998, 678.9999999999998, 678.9999999999998, 678.9999999999998, 678.9999999999998, 678.9999999999998, 678.9999999999998, 678.9999999999998, 678.9999999999998, 678.9999999999998, 693.0000000000001, 693.0000000000001], "2": [526.0000000000002, 526.0000000000002, 526.0000000000002, 526.0000000000002, 526.0000000000002, 527.0, 527.0, 527.0, 527.0, 527.0, 527.0, 527.0, 527.0, 531.0000000000002, 540.0, 540.0, 540.0, 540.0, 540.0, 540.0, 554.0000000000001, 554.0000000000001, 554.0000000000001, 554.0000000000001, 554.0000000000001, 554.0000000000001, 571.0000000000001, 571.0000000000001, 571.0000000000001, 571.0000000000001, 584.9999999999998, 584.9999999999998, 584.9999999999998, 584.9999999999998, 584.9999999999998, 584.9999999999998, 584.9999999999998, 584.9999999999998, 584.9999999999998, 584.9999999999998, 588.0, 588.0, 588.0, 588.0, 596.0000000000001, 596.0000000000001, 610.0000000000001, 610.0000000000001, 610.0000000000001, 610.0000000000001, 610.0000000000001, 610.0000000000001, 610.0000000000001, 610.0000000000001, 610.0000000000001, 627.0, 627.0, 634.9999999999998, 634.9999999999998, 634.9999999999998, 634.9999999999998, 634.9999999999998, 634.9999999999998, 634.9999999999998, 634.9999999999998, 634.9999999999998, 634.9999999999998, 634.9999999999998, 634.9999999999998, 679.0000000000002, 679.0000000000002, 679.0000000000002, 679.0000000000002, 679.0000000000002, 679.0000000000002, 679.0000000000002, 679.0000000000002, 679.0000000000002, 679.0000000000002, 679.0000000000002, 679.0000000000002, 679.0000000000002, 679.0000000000002, 679.0000000000002, 679.0000000000002, 679.0000000000002, 679.0000000000002, 679.0000000000002, 679.0000000000002, 679.0000000000002, 679.0000000000002, 679.0000000000002, 680.0000000000001, 690.0, 690.0, 690.0, 690.0, 690.0, 690.0, 690.0]}