{"0": [100.0, 102.00000000000003, 103.0, 103.0, 111.00000000000001, 111.00000000000001, 120.99999999999997, 120.99999999999997, 120.99999999999997, 120.99999999999997, 135.0, 135.0, 135.0, 135.0, 135.0, 135.0, 135.0, 135.0, 135.0, 135.00000000000003, 135.00000000000003, 135.00000000000003, 135.00000000000003, 135.00000000000003, 135.00000000000003, 135.00000000000003, 136.0, 136.0, 136.0, 136.0], "1": [103.0, 134.00000000000003, 134.00000000000003, 134.00000000000003, 134.00000000000003, 134.00000000000003, 134.00000000000003, 134.00000000000003, 134.00000000000003, 134.00000000000003, 134.00000000000003, 134.00000000000003, 134.00000000000003, 134.00000000000003, 134.00000000000003, 134.00000000000003, 134.00000000000003, 134.00000000000003, 134.00000000000003, 134.00000000000003, 134.00000000000003, 134.00000000000003, 134.00000000000003, 134.00000000000003, 134.00000000000003, 134.00000000000003, 134.00000000000003, 134.00000000000003, 135.00000000000003, 135.00000000000003], "2": [101.0, 101.00000000000001, 101.00000000000001, 101.00000000000001, 116.00000000000003, 116.00000000000003, 116.00000000000003, 116.00000000000003, 116.00000000000003, 116.00000000000003, 116.00000000000003, 127.00000000000003, 127.00000000000003, 127.00000000000003, 127.00000000000003, 127.00000000000003, 127.00000000000003, 127.00000000000003, 127.00000000000003, 127.00000000000003, 127.00000000000003, 127.00000000000003, 127.00000000000003, 127.00000000000003, 127.00000000000003, 127.00000000000003, 127.00000000000003, 127.00000000000003, 127.00000000000003, 127.00000000000003], "3": [101.99999999999997, 116.0, 123.0, 123.0, 123.0, 123.0, 123.0, 123.0, 123.0, 123.0, 123.0, 123.0, 123.0, 131.0, 131.99999999999997, 131.99999999999997, 131.99999999999997, 131.99999999999997, 131.99999999999997, 131.99999999999997, 131.99999999999997, 131.99999999999997, 131.99999999999997, 131.99999999999997, 131.99999999999997, 131.99999999999997, 131.99999999999997, 131.99999999999997, 131.99999999999997, 131.99999999999997], "4": [109.0, 109.0, 109.0, 117.00000000000001, 117.00000000000001, 117.00000000000001, 117.00000000000001, 117.00000000000001, 117.00000000000001, 117.00000000000001, 117.00000000000001, 117.00000000000001, 117.00000000000001, 117.00000000000001, 117.00000000000001, 120.99999999999997, 120.99999999999997, 120.99999999999997, 120.99999999999997, 122.00000000000001, 126.00000000000003, 126.00000000000003, 126.00000000000003, 129.99999999999997, 130.0, 130.0, 130.0, 130.0, 130.0, 130.0], "5": [99.99999999999999, 104.0, 108.99999999999999, 108.99999999999999, 108.99999999999999, 108.99999999999999, 108.99999999999999, 112.00000000000001, 112.00000000000001, 112.00000000000001, 112.99999999999999, 118.99999999999999, 118.99999999999999, 119.00000000000003, 125.00000000000001, 125.00000000000001, 125.00000000000001, 125.00000000000001, 125.00000000000001, 139.0, 139.0, 139.0, 140.00000000000003, 140.00000000000003, 140.00000000000003, 140.00000000000003, 140.00000000000003, 140.00000000000003, 140.00000000000003, 140.00000000000003], "6": [104.0, 112.0, 112.0, 112.0, 112.0, 112.0, 112.0, 112.0, 112.0, 117.99999999999999, 117.99999999999999, 122.0, 122.0, 122.0, 122.0, 126.0, 130.0, 130.0, 130.0, 130.0, 130.0, 134.00000000000003, 134.00000000000003, 134.00000000000003, 134.00000000000003, 134.00000000000003, 134.00000000000003, 134.00000000000003, 134.00000000000003, 139.00000000000003], "7": [96.99999999999997, 115.00000000000001, 115.00000000000001, 115.00000000000001, 115.00000000000001, 115.00000000000001, 115.00000000000001, 116.0, 118.0, 122.0, 123.99999999999997, 123.99999999999997, 123.99999999999997, 123.99999999999997, 123.99999999999997, 123.99999999999997, 123.99999999999997, 126.0, 133.0, 133.0, 133.0, 133.0, 133.0, 138.0, 138.0, 138.0, 138.0, 138.0, 138.0, 140.00000000000003], "8": [97.0, 107.99999999999999, 110.0, 110.0, 110.0, 123.0, 123.0, 123.0, 123.0, 123.0, 123.0, 123.0, 123.0, 123.0, 123.0, 123.0, 123.0, 123.0, 123.0, 124.00000000000003, 124.00000000000003, 124.00000000000003, 124.00000000000003, 131.0, 131.0, 145.00000000000003, 145.00000000000003, 145.00000000000003, 145.00000000000003, 145.00000000000003], "9": [97.00000000000001, 111.00000000000001, 111.00000000000001, 112.99999999999999, 112.99999999999999, 112.99999999999999, 124.0, 124.0, 124.0, 124.0, 124.0, 124.0, 124.0, 124.0, 124.0, 124.0, 124.0, 124.0, 124.0, 128.00000000000003, 128.00000000000003, 128.00000000000003, 128.00000000000003, 128.00000000000003, 128.00000000000003, 128.00000000000003, 132.00000000000003, 132.00000000000003, 132.00000000000003, 139.0]}