{"0": [109.0, 109.0, 109.0, 109.0, 115.00000000000001, 115.00000000000001, 115.00000000000001, 123.0, 123.0, 123.0, 123.0, 123.0, 123.0, 123.0, 123.0, 123.0, 123.0, 138.00000000000003, 138.00000000000003, 138.00000000000003, 138.00000000000003, 138.00000000000003, 138.00000000000003, 138.00000000000003, 138.00000000000003, 138.00000000000003, 138.00000000000003, 138.00000000000003, 138.00000000000003, 138.00000000000003], "1": [115.0, 115.0, 115.0, 115.0, 115.0, 115.0, 117.99999999999999, 117.99999999999999, 117.99999999999999, 122.00000000000001, 122.00000000000001, 122.00000000000001, 122.00000000000001, 122.00000000000001, 122.00000000000001, 122.00000000000001, 122.00000000000001, 122.00000000000001, 122.00000000000001, 122.00000000000001, 122.00000000000001, 122.00000000000001, 122.00000000000001, 122.00000000000001, 122.00000000000001, 123.0, 123.0, 124.0, 124.0, 124.0], "2": [101.00000000000001, 101.00000000000001, 120.0, 120.0, 120.0, 120.0, 120.0, 120.0, 120.0, 120.0, 120.0, 120.0, 120.0, 120.0, 120.0, 120.0, 130.00000000000003, 130.00000000000003, 130.00000000000003, 130.00000000000003, 130.00000000000003, 130.00000000000003, 130.00000000000003, 130.00000000000003, 130.00000000000003, 130.00000000000003, 130.00000000000003, 130.00000000000003, 130.00000000000003, 130.00000000000003], "3": [102.0, 102.00000000000001, 105.00000000000001, 105.00000000000001, 105.00000000000001, 105.00000000000001, 105.00000000000001, 106.0, 106.0, 106.0, 115.00000000000001, 115.00000000000001, 115.00000000000001, 115.00000000000001, 115.00000000000001, 126.00000000000001, 137.0, 137.0, 137.0, 137.0, 137.0, 137.0, 137.0, 137.0, 137.0, 137.0, 137.0, 137.0, 137.0, 137.0], "4": [110.00000000000001, 110.00000000000001, 110.00000000000001, 110.00000000000001, 125.00000000000001, 125.00000000000001, 125.00000000000001, 125.00000000000001, 128.0, 128.0, 128.0, 128.0, 128.0, 128.0, 128.0, 128.0, 128.0, 128.0, 128.0, 128.0, 128.0, 128.0, 128.0, 128.0, 128.0, 128.0, 128.0, 142.99999999999997, 142.99999999999997, 142.99999999999997], "5": [109.00000000000003, 109.00000000000003, 109.00000000000003, 109.00000000000003, 117.00000000000001, 117.00000000000001, 117.00000000000001, 117.00000000000001, 117.00000000000001, 117.00000000000001, 117.00000000000001, 126.00000000000001, 126.00000000000001, 126.00000000000001, 126.00000000000001, 126.00000000000001, 126.00000000000001, 126.00000000000001, 126.00000000000001, 126.00000000000001, 126.00000000000001, 126.00000000000001, 129.0, 129.0, 129.0, 129.0, 129.0, 129.0, 129.0, 129.0], "6": [104.99999999999999, 104.99999999999999, 104.99999999999999, 104.99999999999999, 107.0, 107.0, 107.00000000000003, 107.00000000000003, 107.00000000000003, 107.00000000000003, 109.99999999999999, 119.00000000000003, 119.00000000000003, 119.00000000000003, 119.00000000000003, 119.00000000000003, 119.00000000000003, 123.99999999999999, 123.99999999999999, 123.99999999999999, 128.0, 128.0, 128.0, 128.0, 128.0, 128.0, 144.00000000000003, 144.00000000000003, 144.00000000000003, 144.00000000000003], "7": [105.00000000000001, 105.00000000000001, 105.00000000000001, 105.00000000000001, 105.00000000000001, 108.00000000000003, 110.0, 127.00000000000001, 127.00000000000001, 127.00000000000001, 127.00000000000001, 127.00000000000001, 127.00000000000001, 127.00000000000001, 128.0, 128.0, 128.0, 128.0, 128.0, 128.0, 134.99999999999997, 134.99999999999997, 134.99999999999997, 134.99999999999997, 134.99999999999997, 134.99999999999997, 134.99999999999997, 138.00000000000003, 138.00000000000003, 138.00000000000003], "8": [93.0, 115.0, 115.0, 115.0, 115.0, 115.0, 115.0, 133.0, 133.0, 133.0, 133.0, 133.0, 133.0, 133.0, 133.0, 133.0, 133.0, 133.0, 133.0, 133.0, 133.0, 133.0, 133.0, 136.0, 136.0, 136.0, 136.0, 136.0, 136.0, 136.0], "9": [113.0, 113.0, 113.0, 113.0, 115.99999999999997, 115.99999999999997, 115.99999999999997, 115.99999999999997, 115.99999999999997, 115.99999999999997, 115.99999999999997, 115.99999999999997, 125.00000000000001, 128.0, 128.0, 128.0, 128.0, 128.0, 128.0, 128.0, 128.0, 128.0, 128.0, 130.00000000000003, 130.00000000000003, 130.00000000000003, 130.00000000000003, 130.00000000000003, 130.00000000000003, 130.00000000000003]}