{"0": [4555.000000000007, 4555.000000000007, 4627.000000000008, 4627.000000000008, 4627.000000000008, 4627.000000000008, 4627.000000000008, 4627.000000000008, 4627.000000000008, 4627.000000000008, 4627.000000000008, 4627.000000000008, 4725.000000000013, 4725.000000000013, 4725.000000000013, 4725.000000000013, 4725.000000000013, 4725.000000000013, 4725.000000000013, 4725.000000000013, 4725.000000000013, 4732.000000000011, 4732.000000000011, 4732.000000000011, 4732.000000000011, 4732.000000000011, 4732.000000000011, 4732.000000000011, 4732.000000000011, 4732.000000000011, 4732.000000000011, 4732.000000000011, 4732.000000000011, 4732.000000000011, 4732.000000000011, 4732.000000000011, 4732.000000000011, 4732.000000000011, 4732.000000000011, 4732.000000000011, 4732.000000000011, 4732.000000000011, 4816.999999999997, 4816.999999999997, 4816.999999999997, 4816.999999999997, 4816.999999999997, 4816.999999999997, 4816.999999999997, 4816.999999999997], "1": [4545.000000000009, 4659.000000000005, 4659.000000000005, 4659.000000000005, 4659.000000000005, 4659.000000000005, 4659.000000000005, 4659.000000000005, 4664.000000000004, 4664.000000000004, 4664.000000000004, 4664.000000000004, 4664.000000000004, 4664.000000000004, 4664.000000000004, 4664.000000000004, 4664.000000000004, 4664.000000000004, 4697.000000000009, 4697.000000000009, 4697.000000000009, 4697.000000000009, 4697.000000000009, 4697.000000000009, 4697.000000000009, 4697.000000000009, 4697.000000000009, 4697.000000000009, 4697.000000000009, 4697.000000000009, 4697.000000000009, 4697.000000000009, 4697.000000000009, 4698.000000000009, 4698.000000000009, 4698.000000000009, 4724.000000000011, 4724.000000000011, 4724.000000000011, 4724.000000000011, 4724.000000000011, 4724.000000000011, 4724.000000000011, 4922.000000000004, 4922.000000000004, 4922.000000000004, 4922.000000000004, 4922.000000000004, 4922.000000000004, 4922.000000000004], "2": [4731.000000000006, 4731.000000000006, 4731.000000000006, 4731.000000000006, 4731.000000000006, 4731.000000000006, 4731.000000000006, 4731.000000000006, 4731.000000000006, 4731.000000000006, 4731.000000000006, 4731.000000000006, 4731.000000000006, 4731.000000000006, 4731.000000000006, 4731.000000000006, 4731.000000000006, 4731.000000000006, 4731.000000000006, 4731.000000000006, 4731.000000000006, 4731.000000000006, 4731.000000000006, 4731.000000000006, 4731.000000000006, 4731.000000000006, 4731.000000000006, 4731.000000000006, 4745.000000000004, 4745.000000000004, 4745.000000000004, 4745.000000000004, 4745.000000000004, 4745.000000000004, 4745.000000000004, 4745.000000000004, 4745.000000000004, 4745.000000000004, 4745.000000000004, 4745.000000000004, 4745.000000000004, 4745.000000000004, 4745.000000000004, 4745.000000000004, 4745.000000000004, 4745.000000000004, 4745.000000000004, 4760.000000000006, 4760.000000000006, 4760.000000000006]}