{"0": [110.99999999999997, 110.99999999999997, 112.00000000000001, 121.0, 121.0, 121.0, 121.0, 122.99999999999999, 122.99999999999999, 122.99999999999999, 122.99999999999999, 122.99999999999999, 122.99999999999999, 127.0, 127.0, 127.0, 127.0, 127.0, 127.0, 127.0, 127.0, 127.0, 127.0, 133.00000000000003, 133.00000000000003, 133.00000000000003, 133.00000000000003, 133.00000000000003, 133.00000000000003, 133.00000000000003], "1": [106.0, 106.0, 109.0, 112.00000000000001, 113.0, 113.0, 115.99999999999997, 119.0, 119.0, 119.0, 131.0, 131.0, 131.0, 131.0, 131.0, 131.0, 131.0, 134.0, 134.0, 134.0, 134.0, 134.0, 136.00000000000003, 136.00000000000003, 136.00000000000003, 136.00000000000003, 136.00000000000003, 136.00000000000003, 139.99999999999997, 139.99999999999997], "2": [103.0, 108.0, 120.0, 122.00000000000001, 122.00000000000001, 122.00000000000001, 122.00000000000001, 122.00000000000001, 122.00000000000001, 122.00000000000001, 122.00000000000001, 122.00000000000001, 122.00000000000001, 122.00000000000001, 126.00000000000001, 126.00000000000001, 131.0, 131.0, 131.0, 136.0, 138.00000000000003, 138.00000000000003, 138.00000000000003, 138.00000000000003, 138.00000000000003, 138.00000000000003, 138.00000000000003, 138.00000000000003, 138.00000000000003, 138.00000000000003], "3": [117.00000000000001, 117.00000000000001, 117.00000000000001, 117.00000000000001, 130.0, 130.0, 130.0, 130.0, 130.0, 130.0, 130.0, 130.0, 130.0, 138.0, 138.0, 138.0, 138.0, 138.0, 138.0, 138.0, 138.0, 138.0, 138.0, 154.00000000000003, 154.00000000000003, 154.00000000000003, 154.00000000000003, 154.00000000000003, 154.00000000000003, 154.00000000000003], "4": [104.99999999999999, 114.0, 114.0, 114.0, 116.00000000000001, 116.00000000000001, 116.00000000000001, 116.00000000000001, 126.0, 126.0, 126.0, 132.00000000000003, 132.00000000000003, 132.00000000000003, 132.00000000000003, 132.00000000000003, 132.00000000000003, 132.00000000000003, 136.00000000000003, 136.00000000000003, 136.00000000000003, 136.00000000000003, 136.00000000000003, 136.00000000000003, 136.00000000000003, 136.00000000000003, 136.00000000000003, 136.00000000000003, 141.0, 141.0], "5": [107.0, 123.0, 123.0, 123.0, 123.0, 125.99999999999997, 125.99999999999997, 125.99999999999997, 125.99999999999997, 125.99999999999997, 125.99999999999997, 126.0, 126.0, 126.0, 126.0, 134.0, 134.0, 134.0, 134.0, 134.0, 134.0, 137.0, 137.0, 137.0, 137.0, 137.0, 142.0, 142.0, 142.0, 142.0], "6": [107.00000000000001, 109.0, 110.00000000000001, 110.00000000000001, 114.00000000000003, 119.0, 130.00000000000003, 130.00000000000003, 130.00000000000003, 130.00000000000003, 130.00000000000003, 130.00000000000003, 130.00000000000003, 130.00000000000003, 130.00000000000003, 130.00000000000003, 130.00000000000003, 130.00000000000003, 130.00000000000003, 130.00000000000003, 130.00000000000003, 130.00000000000003, 130.00000000000003, 130.00000000000003, 130.00000000000003, 133.0, 133.0, 133.0, 133.0, 133.0], "7": [103.99999999999999, 126.0, 126.0, 126.0, 126.0, 126.0, 126.0, 126.0, 126.0, 126.0, 126.0, 126.0, 126.0, 137.0, 137.0, 137.0, 137.0, 137.0, 137.0, 137.0, 137.0, 137.0, 150.0, 150.0, 150.0, 150.0, 150.0, 150.0, 150.0, 150.0], "8": [106.0, 111.0, 111.0, 111.0, 119.00000000000003, 119.00000000000003, 123.0, 127.00000000000003, 127.00000000000003, 127.00000000000003, 127.00000000000003, 127.00000000000003, 127.00000000000003, 127.99999999999999, 127.99999999999999, 127.99999999999999, 131.0, 131.0, 140.0, 140.0, 140.0, 140.0, 140.0, 140.0, 140.0, 140.0, 140.0, 140.0, 140.0, 140.0], "9": [105.0, 122.0, 122.0, 122.0, 122.0, 122.0, 122.0, 122.0, 122.0, 122.0, 122.0, 122.0, 130.0, 130.0, 130.0, 134.0, 134.0, 134.0, 134.0, 134.0, 134.0, 134.0, 134.0, 134.00000000000003, 134.00000000000003, 134.00000000000003, 139.0, 139.0, 139.0, 140.00000000000003]}