{"0": [536.0000000000001, 562.9999999999998, 562.9999999999998, 562.9999999999998, 562.9999999999998, 562.9999999999998, 562.9999999999998, 562.9999999999998, 562.9999999999998, 562.9999999999998, 562.9999999999998, 562.9999999999998, 562.9999999999998, 562.9999999999998, 575.0000000000001, 575.0000000000001, 575.0000000000001, 575.0000000000001, 575.0000000000001, 575.0000000000001, 575.0000000000001, 575.0000000000001, 575.0000000000001, 575.0000000000001, 593.0, 593.0, 593.0, 593.0, 593.0, 593.0, 593.0, 593.0, 593.0, 593.0, 593.0, 593.0, 593.0, 593.0, 602.0000000000001, 602.0000000000001, 602.0000000000001, 602.0000000000001, 623.9999999999997, 623.9999999999997, 623.9999999999997, 623.9999999999997, 623.9999999999997, 623.9999999999997, 642.9999999999998, 642.9999999999998, 642.9999999999998, 642.9999999999998, 642.9999999999998, 642.9999999999998, 642.9999999999998, 642.9999999999998, 642.9999999999998, 642.9999999999998, 642.9999999999998, 642.9999999999998, 642.9999999999998, 642.9999999999998, 642.9999999999998, 646.9999999999998, 646.9999999999998, 646.9999999999998, 646.9999999999998, 646.9999999999998, 646.9999999999998, 656.9999999999998, 656.9999999999998, 656.9999999999998, 656.9999999999998, 656.9999999999998, 657.0, 657.0, 657.0, 657.0, 657.0, 657.0, 657.9999999999998, 657.9999999999998, 671.9999999999999, 671.9999999999999, 674.0, 686.9999999999995, 686.9999999999995, 686.9999999999995, 699.9999999999999, 699.9999999999999, 699.9999999999999, 699.9999999999999, 699.9999999999999, 699.9999999999999, 699.9999999999999, 699.9999999999999, 699.9999999999999, 699.9999999999999, 699.9999999999999, 699.9999999999999], "1": [524.0, 528.0000000000001, 538.0, 538.0, 538.0, 538.0, 545.0000000000001, 545.0000000000001, 545.0000000000001, 545.0000000000001, 545.0000000000001, 545.0000000000001, 559.0, 559.0, 559.0, 563.0, 563.0, 563.0, 563.0, 564.0, 564.0, 575.9999999999999, 608.0000000000002, 608.0000000000002, 608.0000000000002, 608.0000000000002, 608.0000000000002, 608.0000000000002, 608.0000000000002, 608.0000000000002, 608.0000000000002, 608.0000000000002, 608.0000000000002, 608.0000000000002, 608.0000000000002, 608.0000000000002, 608.0000000000002, 608.0000000000002, 608.0000000000002, 608.0000000000002, 608.0000000000002, 614.9999999999998, 614.9999999999998, 614.9999999999998, 614.9999999999998, 619.0, 619.0, 619.0, 619.0, 619.0, 619.0, 619.0, 639.9999999999998, 639.9999999999998, 639.9999999999998, 639.9999999999998, 639.9999999999998, 639.9999999999998, 639.9999999999998, 639.9999999999998, 639.9999999999998, 639.9999999999998, 639.9999999999998, 639.9999999999998, 639.9999999999998, 639.9999999999998, 640.0, 640.0, 640.0, 640.0, 640.0, 660.9999999999997, 677.0000000000002, 677.0000000000002, 677.0000000000002, 677.0000000000002, 677.0000000000002, 677.0000000000002, 677.0000000000002, 677.0000000000002, 677.0000000000002, 677.0000000000003, 677.0000000000003, 677.0000000000003, 677.0000000000003, 677.0000000000003, 677.0000000000003, 687.0000000000002, 687.0000000000002, 687.0000000000002, 687.0000000000002, 687.0000000000002, 687.0000000000002, 687.0000000000002, 687.0000000000002, 687.0000000000002, 687.0000000000002, 693.0000000000001, 693.0000000000001, 693.0000000000001], "2": [530.9999999999999, 530.9999999999999, 530.9999999999999, 539.0, 539.0, 539.0, 542.9999999999999, 542.9999999999999, 546.0, 546.0, 554.0, 554.0, 558.9999999999999, 558.9999999999999, 558.9999999999999, 558.9999999999999, 560.0000000000001, 565.9999999999999, 565.9999999999999, 584.9999999999999, 584.9999999999999, 584.9999999999999, 609.9999999999999, 609.9999999999999, 609.9999999999999, 609.9999999999999, 609.9999999999999, 609.9999999999999, 609.9999999999999, 609.9999999999999, 609.9999999999999, 609.9999999999999, 609.9999999999999, 609.9999999999999, 609.9999999999999, 609.9999999999999, 609.9999999999999, 609.9999999999999, 609.9999999999999, 615.0000000000002, 615.0000000000002, 615.0000000000002, 615.0000000000002, 615.0000000000002, 615.0000000000002, 633.9999999999999, 633.9999999999999, 633.9999999999999, 633.9999999999999, 633.9999999999999, 633.9999999999999, 633.9999999999999, 633.9999999999999, 633.9999999999999, 633.9999999999999, 633.9999999999999, 633.9999999999999, 633.9999999999999, 633.9999999999999, 633.9999999999999, 633.9999999999999, 646.0, 646.0, 646.0, 646.0, 646.0, 646.0, 653.9999999999999, 656.9999999999998, 656.9999999999998, 656.9999999999998, 656.9999999999998, 656.9999999999998, 656.9999999999998, 656.9999999999998, 658.0, 658.0, 659.9999999999999, 659.9999999999999, 659.9999999999999, 684.0, 684.0, 691.9999999999999, 691.9999999999999, 691.9999999999999, 691.9999999999999, 691.9999999999999, 691.9999999999999, 693.9999999999999, 693.9999999999999, 693.9999999999999, 693.9999999999999, 693.9999999999999, 693.9999999999999, 693.9999999999999, 701.0, 701.0, 701.0, 701.0, 701.0]}