{"0": [110.0, 110.0, 119.00000000000003, 119.00000000000003, 119.00000000000003, 119.00000000000003, 119.00000000000003, 119.00000000000003, 125.0, 125.0, 130.00000000000003, 130.00000000000003, 130.00000000000003, 130.00000000000003, 130.00000000000003, 130.00000000000003, 130.00000000000003, 130.00000000000003, 135.00000000000003, 135.00000000000003, 135.00000000000003, 135.00000000000003, 135.00000000000003, 135.00000000000003, 145.00000000000003, 145.00000000000003, 145.00000000000003, 145.00000000000003, 145.00000000000003, 145.00000000000003, 145.00000000000003, 145.00000000000003, 145.00000000000003, 145.00000000000003, 145.00000000000003, 145.00000000000003, 145.00000000000003, 145.00000000000003, 145.00000000000003, 145.00000000000003, 145.00000000000003, 145.00000000000003, 145.00000000000003, 145.00000000000003, 145.00000000000003, 145.00000000000003, 145.00000000000003, 145.00000000000003, 145.00000000000003, 145.00000000000003, 145.00000000000003, 145.00000000000003, 145.00000000000003, 145.00000000000003, 145.00000000000003, 145.00000000000003, 145.00000000000003, 145.00000000000003, 145.00000000000003, 145.00000000000003, 145.00000000000003, 145.00000000000003, 145.00000000000003, 145.00000000000003, 145.00000000000003, 145.00000000000003, 145.00000000000003, 145.00000000000003, 145.00000000000003, 145.00000000000003, 145.00000000000003, 145.00000000000003, 145.00000000000003, 145.00000000000003, 145.00000000000003, 145.00000000000003, 145.00000000000003, 145.00000000000003, 145.00000000000003, 145.00000000000003, 145.00000000000003, 145.00000000000003, 145.00000000000003, 145.00000000000003, 145.00000000000003, 145.00000000000003, 145.00000000000003, 145.00000000000003, 146.0, 146.0, 146.0, 146.0, 146.0, 146.0, 152.0, 152.0, 152.0, 152.0, 152.0, 152.0], "1": [110.0, 110.0, 110.0, 110.0, 112.00000000000001, 118.99999999999999, 118.99999999999999, 118.99999999999999, 118.99999999999999, 118.99999999999999, 118.99999999999999, 119.0, 119.0, 122.00000000000001, 122.00000000000001, 134.0, 134.0, 134.0, 134.0, 134.0, 134.0, 134.0, 136.0, 141.0, 141.0, 141.0, 142.0, 142.0, 142.00000000000003, 142.00000000000003, 142.00000000000003, 142.00000000000003, 142.00000000000003, 142.00000000000003, 142.00000000000003, 142.00000000000003, 142.00000000000003, 142.00000000000003, 142.00000000000003, 142.00000000000003, 151.00000000000003, 151.00000000000003, 151.00000000000003, 151.00000000000003, 151.00000000000003, 151.00000000000003, 151.00000000000003, 151.00000000000003, 151.00000000000003, 151.00000000000003, 151.00000000000003, 151.00000000000003, 151.00000000000003, 151.00000000000003, 151.00000000000003, 151.00000000000003, 151.00000000000003, 151.00000000000003, 151.00000000000003, 151.00000000000003, 151.00000000000003, 151.00000000000003, 151.00000000000003, 151.00000000000003, 151.00000000000003, 151.00000000000003, 151.00000000000003, 151.00000000000003, 151.00000000000003, 151.00000000000003, 151.00000000000003, 151.00000000000003, 151.00000000000003, 151.00000000000003, 151.00000000000003, 151.00000000000003, 151.00000000000003, 151.00000000000003, 151.00000000000003, 151.00000000000003, 151.00000000000003, 151.00000000000003, 151.00000000000003, 151.00000000000003, 151.00000000000003, 151.00000000000003, 151.00000000000003, 151.00000000000003, 151.00000000000003, 151.00000000000003, 151.00000000000003, 151.00000000000003, 151.00000000000003, 151.00000000000003, 151.00000000000003, 151.00000000000003, 151.00000000000003, 151.00000000000003, 151.00000000000003, 151.00000000000003], "2": [109.99999999999999, 111.00000000000001, 119.0, 119.0, 120.0, 120.0, 123.0, 125.00000000000001, 125.00000000000001, 125.00000000000001, 125.00000000000001, 138.0, 138.0, 138.0, 138.0, 138.0, 138.0, 138.0, 138.0, 138.0, 138.0, 138.0, 138.0, 138.0, 138.0, 138.0, 138.0, 138.0, 138.0, 138.0, 138.0, 138.0, 138.0, 138.0, 138.0, 138.00000000000003, 138.00000000000003, 138.00000000000003, 138.00000000000003, 138.00000000000003, 138.00000000000003, 138.00000000000003, 138.00000000000003, 138.00000000000003, 140.00000000000003, 140.00000000000003, 140.00000000000003, 140.00000000000003, 140.00000000000003, 140.00000000000003, 140.00000000000003, 140.00000000000003, 140.00000000000003, 140.00000000000003, 140.00000000000003, 140.00000000000003, 140.00000000000003, 140.00000000000003, 140.00000000000003, 141.0, 141.0, 147.0, 147.0, 147.0, 147.0, 147.0, 147.0, 147.0, 147.0, 147.0, 147.0, 147.0, 147.0, 147.0, 147.0, 147.0, 147.0, 147.0, 147.0, 147.0, 147.0, 147.0, 147.0, 147.0, 147.0, 147.0, 147.0, 147.0, 147.0, 147.0, 147.0, 147.0, 147.0, 147.0, 147.0, 147.0, 147.0, 147.0, 147.0, 147.0], "3": [108.0, 108.0, 112.00000000000001, 113.99999999999999, 113.99999999999999, 113.99999999999999, 126.0, 126.0, 129.0, 129.0, 129.0, 129.0, 129.0, 129.0, 131.0, 131.0, 131.0, 131.0, 131.0, 135.0, 135.0, 135.00000000000003, 135.00000000000003, 135.00000000000003, 135.00000000000003, 135.00000000000003, 145.00000000000003, 145.00000000000003, 145.00000000000003, 145.00000000000003, 145.00000000000003, 145.00000000000003, 145.00000000000003, 145.00000000000003, 145.00000000000003, 145.00000000000003, 145.00000000000003, 145.00000000000003, 145.00000000000003, 145.00000000000003, 145.00000000000003, 145.00000000000003, 145.00000000000003, 145.00000000000003, 145.00000000000003, 145.00000000000003, 145.00000000000003, 145.00000000000003, 145.00000000000003, 145.00000000000003, 145.00000000000003, 145.00000000000003, 145.00000000000003, 145.00000000000003, 145.00000000000003, 145.00000000000003, 145.00000000000003, 145.00000000000003, 146.0, 146.0, 149.0, 149.0, 149.0, 149.0, 149.0, 149.0, 149.0, 149.0, 149.0, 149.0, 149.0, 149.0, 149.0, 149.0, 149.00000000000003, 149.00000000000003, 149.00000000000003, 149.00000000000003, 150.0, 150.0, 150.0, 150.0, 150.0, 150.0, 150.0, 150.0, 150.0, 150.0, 150.0, 150.0, 150.0, 150.0, 150.0, 150.0, 150.0, 150.0, 150.0, 150.0, 150.0, 150.0], "4": [108.99999999999999, 108.99999999999999, 117.0, 129.00000000000003, 129.00000000000003, 129.00000000000003, 129.00000000000003, 132.0, 132.0, 136.0, 136.0, 136.0, 136.0, 136.0, 136.0, 137.0, 137.0, 137.0, 137.0, 137.0, 137.0, 140.00000000000003, 140.00000000000003, 140.00000000000003, 140.00000000000003, 140.00000000000003, 140.00000000000003, 140.00000000000003, 143.0, 143.0, 143.0, 143.0, 143.0, 143.0, 143.0, 143.0, 143.0, 144.00000000000003, 144.00000000000003, 144.00000000000003, 144.00000000000003, 144.00000000000003, 145.0, 145.0, 145.0, 145.0, 145.0, 145.0, 145.0, 145.0, 145.0, 145.0, 145.0, 145.0, 145.0, 145.0, 145.0, 145.0, 146.0, 146.0, 146.0, 146.0, 146.0, 146.0, 146.0, 146.0, 146.0, 146.0, 146.0, 146.0, 146.0, 146.0, 146.0, 147.0, 147.0, 147.0, 147.0, 147.0, 147.0, 147.0, 147.0, 147.0, 147.0, 147.0, 147.0, 157.0, 157.0, 157.0, 157.0, 157.0, 157.0, 157.0, 157.0, 157.0, 157.0, 157.0, 157.0, 157.0, 157.0, 157.0],