{"0": [107.00000000000001, 107.00000000000003, 107.00000000000003, 115.0, 115.0, 115.0, 115.0, 115.0, 115.0, 115.0, 115.0, 117.00000000000001, 117.00000000000001, 134.00000000000003, 134.00000000000003, 134.00000000000003, 134.00000000000003, 136.0, 136.0, 136.0, 136.0, 136.0, 139.0, 139.0, 139.0, 139.0, 139.0, 139.0, 139.0, 139.0], "1": [103.0, 103.0, 107.00000000000001, 107.00000000000001, 108.99999999999999, 117.00000000000001, 117.99999999999999, 117.99999999999999, 117.99999999999999, 117.99999999999999, 121.00000000000001, 126.0, 126.0, 126.0, 127.0, 127.0, 127.0, 127.0, 127.0, 127.0, 127.0, 127.0, 127.0, 137.00000000000003, 137.00000000000003, 137.00000000000003, 137.00000000000003, 137.00000000000003, 137.00000000000003, 137.00000000000003], "2": [91.0, 101.0, 101.0, 101.0, 113.0, 113.0, 133.00000000000003, 133.00000000000003, 133.00000000000003, 133.00000000000003, 133.00000000000003, 133.00000000000003, 133.00000000000003, 133.00000000000003, 133.00000000000003, 133.00000000000003, 133.00000000000003, 133.00000000000003, 133.00000000000003, 133.00000000000003, 133.00000000000003, 133.00000000000003, 133.00000000000003, 133.00000000000003, 133.00000000000003, 133.00000000000003, 133.00000000000003, 133.00000000000003, 133.00000000000003, 133.00000000000003], "3": [101.00000000000001, 101.00000000000001, 101.00000000000001, 101.00000000000001, 103.99999999999999, 114.00000000000003, 114.00000000000003, 114.00000000000003, 114.00000000000003, 114.00000000000003, 127.00000000000003, 128.0, 128.0, 128.0, 128.0, 128.0, 128.0, 128.0, 131.0, 131.0, 131.0, 131.0, 131.0, 131.0, 131.0, 131.0, 132.0, 132.0, 132.0, 132.0], "4": [99.0, 114.00000000000003, 114.00000000000003, 114.00000000000003, 114.00000000000003, 114.00000000000003, 114.00000000000003, 114.00000000000003, 114.00000000000003, 114.00000000000003, 114.00000000000003, 114.00000000000003, 114.00000000000003, 118.0, 126.00000000000001, 128.0, 128.0, 128.0, 140.00000000000003, 140.00000000000003, 140.00000000000003, 140.00000000000003, 140.00000000000003, 140.00000000000003, 140.00000000000003, 140.00000000000003, 140.00000000000003, 140.00000000000003, 140.00000000000003, 140.00000000000003], "5": [100.99999999999997, 100.99999999999997, 107.99999999999999, 108.99999999999999, 108.99999999999999, 108.99999999999999, 108.99999999999999, 111.00000000000001, 111.00000000000001, 111.00000000000001, 111.00000000000001, 112.0, 123.0, 123.0, 123.0, 123.0, 123.0, 123.0, 123.0, 123.0, 124.00000000000003, 124.00000000000003, 124.00000000000003, 124.00000000000003, 124.00000000000003, 135.0, 135.0, 135.0, 135.0, 135.0], "6": [104.99999999999999, 104.99999999999999, 104.99999999999999, 104.99999999999999, 111.0, 117.0, 117.0, 117.0, 117.0, 117.0, 117.0, 117.0, 117.0, 117.0, 121.0, 135.99999999999997, 135.99999999999997, 135.99999999999997, 135.99999999999997, 135.99999999999997, 135.99999999999997, 135.99999999999997, 140.00000000000003, 140.00000000000003, 140.00000000000003, 140.00000000000003, 140.00000000000003, 140.00000000000003, 140.00000000000003, 140.00000000000003], "7": [88.99999999999999, 88.99999999999999, 92.00000000000001, 120.0, 120.0, 120.0, 120.0, 120.0, 120.0, 124.0, 125.00000000000001, 125.00000000000001, 125.00000000000001, 125.00000000000001, 125.00000000000001, 125.00000000000001, 125.00000000000001, 125.00000000000001, 125.00000000000001, 125.00000000000001, 125.00000000000001, 125.00000000000001, 125.00000000000001, 125.00000000000001, 125.00000000000001, 129.00000000000003, 129.00000000000003, 133.0, 133.0, 133.0], "8": [99.0, 99.0, 104.99999999999999, 105.0, 105.0, 110.00000000000001, 112.00000000000003, 112.00000000000003, 112.00000000000003, 112.00000000000003, 112.00000000000003, 114.0, 114.0, 126.0, 126.0, 126.0, 126.0, 126.0, 126.0, 131.00000000000003, 131.00000000000003, 131.00000000000003, 131.00000000000003, 131.00000000000003, 131.00000000000003, 131.00000000000003, 131.00000000000003, 131.00000000000003, 131.00000000000003, 131.00000000000003], "9": [97.99999999999999, 97.99999999999999, 100.0, 103.0, 104.00000000000003, 110.00000000000001, 110.00000000000001, 110.00000000000001, 110.00000000000001, 110.00000000000001, 110.00000000000001, 110.00000000000001, 110.00000000000001, 113.0, 113.0, 118.0, 127.0, 127.0, 127.0, 127.0, 127.0, 127.0, 131.0, 133.00000000000006, 133.00000000000006, 133.00000000000006, 133.00000000000006, 133.00000000000006, 133.00000000000006, 133.00000000000006]}