{"0": [4362.000000000004, 4649.000000000009, 4649.000000000009, 4649.000000000009, 4649.000000000009, 4649.000000000009, 4649.000000000009, 4649.000000000009, 4649.000000000009, 4649.000000000009, 4649.000000000009, 4649.000000000009, 4649.000000000009, 4649.000000000009, 4649.000000000009, 4649.000000000009, 4649.000000000009, 4649.000000000009, 4649.000000000009, 4649.000000000009, 4649.000000000009, 4649.000000000009, 4649.000000000009, 4649.000000000009, 4649.000000000009, 4649.000000000009, 4649.000000000009, 4649.000000000009, 4649.000000000009, 4649.000000000009, 4649.000000000009, 4649.000000000009, 4649.000000000009, 4649.000000000009, 4649.000000000009, 4685.000000000005, 4685.000000000005, 4685.000000000005, 4685.000000000005, 4685.000000000005, 4685.000000000005, 4685.000000000005, 4685.000000000005, 4685.000000000005, 4685.000000000005, 4694.000000000005, 4694.000000000005, 4694.000000000005, 4694.000000000005, 4694.000000000005], "1": [4338.000000000006, 4357.000000000003, 4393.000000000001, 4413.000000000008, 4413.000000000008, 4463.000000000003, 4463.000000000003, 4513.0000000000055, 4562.000000000002, 4562.000000000002, 4562.000000000002, 4562.000000000002, 4562.000000000002, 4562.000000000002, 4562.000000000002, 4562.000000000002, 4568.000000000001, 4592.000000000008, 4592.000000000008, 4620.000000000001, 4620.000000000001, 4620.000000000001, 4620.000000000001, 4620.000000000001, 4620.000000000001, 4620.000000000001, 4645.000000000011, 4645.000000000011, 4645.000000000011, 4645.000000000011, 4645.000000000011, 4645.000000000011, 4645.000000000011, 4645.000000000011, 4645.000000000011, 4645.000000000011, 4645.000000000011, 4645.000000000011, 4645.000000000011, 4645.000000000011, 4645.000000000011, 4645.000000000011, 4645.000000000011, 4645.000000000011, 4645.000000000011, 4716.000000000005, 4716.000000000005, 4716.000000000005, 4716.000000000005, 4716.000000000005], "2": [4511.000000000003, 4511.000000000003, 4511.000000000003, 4511.000000000003, 4511.000000000003, 4511.000000000003, 4511.000000000003, 4544.000000000007, 4675.000000000002, 4675.000000000002, 4675.000000000002, 4675.000000000002, 4675.000000000002, 4675.000000000002, 4675.000000000002, 4675.000000000002, 4675.000000000002, 4675.000000000002, 4675.000000000002, 4675.000000000002, 4675.000000000002, 4675.000000000002, 4675.000000000002, 4675.000000000002, 4675.000000000002, 4675.000000000002, 4675.000000000002, 4675.000000000002, 4675.000000000002, 4675.000000000002, 4675.000000000002, 4675.000000000002, 4675.000000000002, 4675.000000000002, 4675.000000000002, 4675.000000000002, 4675.000000000002, 4675.000000000002, 4675.000000000002, 4675.000000000002, 4675.000000000002, 4675.000000000002, 4675.000000000002, 4675.000000000002, 4675.000000000002, 4675.000000000002, 4675.000000000002, 4731.000000000007, 4731.000000000007, 4731.000000000007]}