{"0": [100.00000000000001, 111.0, 111.0, 111.0, 111.0, 111.0, 111.0, 115.00000000000001, 115.00000000000001, 129.99999999999997, 129.99999999999997, 129.99999999999997, 131.0, 131.0, 131.0, 131.0, 148.0, 148.0, 148.0, 148.0, 148.0, 148.0, 148.0, 148.0, 148.0, 148.0, 148.0, 148.0, 148.0, 148.0, 148.0, 148.0, 148.0, 148.0, 148.0, 148.0, 148.0, 148.0, 148.0, 148.0, 148.0, 149.99999999999997, 149.99999999999997, 149.99999999999997, 149.99999999999997, 149.99999999999997, 149.99999999999997, 149.99999999999997, 149.99999999999997, 149.99999999999997, 149.99999999999997, 149.99999999999997, 149.99999999999997, 149.99999999999997, 149.99999999999997, 149.99999999999997, 149.99999999999997, 149.99999999999997, 149.99999999999997, 149.99999999999997, 149.99999999999997, 149.99999999999997, 149.99999999999997, 149.99999999999997, 149.99999999999997, 149.99999999999997, 149.99999999999997, 149.99999999999997, 149.99999999999997, 149.99999999999997, 149.99999999999997, 149.99999999999997, 149.99999999999997, 149.99999999999997, 149.99999999999997, 149.99999999999997, 149.99999999999997, 149.99999999999997, 149.99999999999997, 149.99999999999997, 149.99999999999997, 149.99999999999997, 149.99999999999997, 149.99999999999997, 149.99999999999997, 149.99999999999997, 149.99999999999997, 149.99999999999997, 149.99999999999997, 149.99999999999997, 149.99999999999997, 149.99999999999997, 149.99999999999997, 149.99999999999997, 149.99999999999997, 149.99999999999997, 149.99999999999997, 149.99999999999997, 149.99999999999997, 149.99999999999997], "1": [106.00000000000001, 109.0, 110.00000000000001, 110.00000000000001, 110.00000000000001, 110.00000000000001, 110.00000000000001, 110.00000000000001, 110.00000000000001, 131.0, 131.0, 131.0, 131.0, 131.0, 131.0, 131.0, 131.0, 131.0, 131.0, 131.0, 131.0, 131.0, 131.0, 131.0, 146.0, 146.0, 146.0, 146.0, 146.0, 146.0, 146.0, 146.0, 146.0, 146.0, 146.0, 146.0, 146.0, 146.0, 146.0, 146.0, 146.0, 146.0, 146.0, 146.0, 146.0, 146.0, 146.0, 146.0, 146.0, 146.0, 146.0, 146.0, 146.0, 146.0, 146.0, 146.0, 146.0, 146.0, 146.0, 146.0, 146.0, 146.0, 146.0, 146.0, 146.0, 146.0, 146.0, 146.0, 146.0, 146.0, 146.0, 146.0, 146.0, 146.0, 146.0, 146.0, 146.0, 146.0, 146.0, 146.0, 146.0, 146.0, 146.0, 146.0, 146.0, 146.0, 146.0, 146.0, 146.0, 146.0, 146.0, 146.0, 146.0, 146.0, 146.0, 146.0, 146.0, 146.0, 146.0, 146.0], "2": [108.0, 108.0, 108.0, 108.0, 108.0, 109.99999999999999, 109.99999999999999, 112.99999999999999, 112.99999999999999, 114.0, 120.00000000000001, 120.00000000000001, 122.0, 122.0, 122.0, 122.0, 126.0, 126.0, 126.0, 126.0, 126.0, 127.00000000000001, 127.00000000000001, 130.00000000000003, 130.99999999999997, 130.99999999999997, 138.0, 138.0, 138.0, 138.0, 138.0, 138.0, 138.0, 138.0, 138.0, 139.00000000000003, 139.00000000000003, 139.00000000000003, 139.00000000000003, 139.00000000000003, 139.00000000000003, 139.00000000000003, 139.00000000000003, 139.00000000000003, 139.00000000000003, 139.00000000000003, 139.00000000000003, 139.00000000000003, 139.00000000000003, 139.00000000000003, 139.00000000000003, 139.00000000000003, 139.00000000000003, 139.00000000000003, 139.00000000000003, 139.00000000000003, 143.0, 143.0, 143.0, 143.0, 143.0, 143.0, 143.0, 143.0, 143.0, 143.0, 143.0, 143.0, 143.0, 143.0, 143.0, 143.0, 143.0, 143.0, 143.0, 151.0, 151.0, 151.0, 151.0, 151.0, 151.0, 151.0, 151.0, 151.0, 151.0, 151.0, 151.0, 151.0, 151.0, 151.0, 151.0, 151.0, 151.0, 151.0, 151.0, 151.0, 151.0, 151.0, 151.0, 151.0], "3": [106.00000000000003, 113.0, 113.0, 113.0, 113.0, 128.00000000000003, 128.00000000000003, 128.00000000000003, 128.00000000000003, 128.00000000000003, 128.00000000000003, 128.00000000000003, 128.00000000000003, 128.00000000000003, 128.00000000000003, 128.00000000000003, 132.0, 134.0, 134.0, 134.0, 134.0, 134.0, 134.0, 134.0, 134.0, 134.0, 134.0, 134.0, 134.0, 134.0, 134.0, 134.0, 134.0, 134.0, 147.0, 147.0, 147.0, 147.0, 147.0, 147.0, 147.0, 147.0, 147.0, 147.0, 147.0, 147.0, 147.0, 147.0, 147.0, 147.0, 147.0, 147.0, 147.0, 147.0, 147.0, 147.0, 147.0, 147.0, 147.0, 147.0, 147.0, 147.0, 147.0, 147.0, 147.0, 147.0, 147.0, 147.0, 147.0, 147.0, 147.0, 147.0, 147.0, 147.0, 147.0, 147.0, 147.0, 147.0, 147.0, 147.0, 147.0, 147.0, 147.0, 147.0, 147.0, 148.00000000000003, 148.00000000000003, 148.00000000000003, 148.00000000000003, 148.00000000000003, 148.00000000000003, 148.00000000000003, 148.00000000000003, 148.00000000000003, 148.00000000000003, 148.00000000000003, 148.00000000000003, 148.00000000000003, 148.00000000000003, 148.00000000000003], "4": [114.0, 114.0, 114.0, 114.0, 114.0, 114.0, 114.0, 114.0, 114.0, 115.00000000000001, 115.00000000000001, 115.00000000000001, 123.0, 123.0, 123.0, 125.00000000000001, 133.00000000000006, 138.00000000000003, 138.00000000000003, 138.00000000000003, 138.00000000000003, 138.00000000000003, 138.00000000000003, 138.00000000000003, 138.00000000000003, 138.00000000000003, 138.00000000000003, 138.00000000000003, 138.00000000000003, 138.00000000000003, 138.00000000000003, 138.00000000000003, 140.00000000000003, 140.00000000000003, 140.00000000000003, 140.00000000000003, 140.00000000000003, 140.00000000000003, 140.00000000000003, 140.00000000000003, 140.00000000000003, 140.00000000000003, 143.0, 143.0, 143.0, 143.0, 143.0, 143.0, 143.0, 143.0, 143.0, 143.0, 143.0, 143.0, 143.0, 143.0, 143.0, 143.0, 143.0, 143.0, 143.0, 143.0, 143.0, 143.0, 146.0, 146.0, 146.0, 146.0, 146.0, 146.0, 146.0, 146.0, 146.0, 146.0, 146.0, 146.0, 146.0, 146.0, 146.0, 146.0, 146.0, 146.0, 146.0, 146.0, 146.0, 146.0, 146.0, 146.0, 146.0, 146.0, 146.0, 146.0, 146.0, 146.0, 146.0, 146.0, 146.0, 146.0, 146.0, 146.0], "5": [100.00000000000001, 100.00000000000001, 116.0, 116.0, 116.0, 116.0, 117.00000000000001, 117.00000000000001, 117.00000000000001, 130.00000000000003, 130.00000000000003, 130.00000000000003, 130.00000000000003, 130.00000000000003, 131.00000000000003, 131.00000000000003, 131.00000000000003, 131.00000000000003, 131.00000000000003, 131.00000000000003, 131.00000000000003, 131.00000000000003, 131.00000000000003, 131.00000000000003, 131.00000000000003, 131.00000000000003, 131.00000000000003, 131.00000000000003, 134.00000000000003, 134.00000000000003, 134.00000000000003, 134.00000000000003, 147.0, 147.0, 147.0, 147.0, 147.0, 147.0, 147.0, 147.0, 147.0, 147.0, 147.0, 147.0, 147.0, 147.0, 147.0, 147.0, 147.0, 147.0, 147.0, 147.0, 147.0, 147.0, 147.0, 147.0, 147.0, 147.0, 147.0, 147.0, 147.0, 147.0, 147.0, 147.0, 153.0, 153.0, 153.0, 153.0, 153.0, 153.0, 153.0, 153.0, 153.0, 153.0, 153.0, 153.0, 153.0, 153.0, 153.0, 153.0, 153.0, 153.0, 153.0, 153.0, 153.0, 153.0, 153.0, 153.0, 153.0, 153.0, 153.0, 153.0, 153.0, 153.0, 153.0, 153.0, 153.0, 153.0, 153.0, 153.0], "6": [108.0, 108.0, 108.0, 108.0, 124.00000000000004, 124.00000000000004, 124.00000000000004, 124.00000000000004, 124.00000000000004, 124.00000000000004, 124.00000000000004, 124.00000000000004, 124.00000000000004, 124.00000000000004, 124.00000000000004, 124.00000000000004, 124.00000000000004, 124.00000000000004, 128.0, 128.0, 128.0, 132.0, 132.0, 132.0, 132.0, 132.0, 137.0, 137.0, 137.0, 137.0, 137.0, 146.0, 146.0, 146.0, 146.0, 146.0, 146.0, 146.0, 146.0, 146.0, 146.0, 146.0, 146.0, 146.0, 146.0, 146.0, 146.0, 146.0, 146.0, 146.0, 146.0, 146.0, 146.0, 146.0, 146.0, 146.0, 146.0, 146.0, 146.0, 146.0, 146.0, 147.0, 147.0, 147.0, 147.0, 147.0, 148.0, 148.0, 148.0, 148.0, 150.00000000000003, 150.00000000000003, 150.00000000000003, 150.00000000000003, 150.00000000000003, 150.00000000000003, 150.00000000000003, 150.00000000000003, 150.00000000000003, 150.00000000000003, 150.00000000000003, 150.00000000000003, 150.00000000000003, 150.00000000000003, 150.00000000000003, 150.00000000000003, 150.00000000000003, 150.00000000000003, 150.00000000000003, 150.00000000000003, 150.00000000000003, 150.00000000000003, 150.00000000000003, 150.00000000000003, 150.00000000000003, 150.00000000000003, 150.00000000000003, 150.00000000000003, 150.00000000000003, 150.00000000000003],