{"0": [113.00000000000003, 113.00000000000003, 113.00000000000003, 113.00000000000003, 114.00000000000003, 114.00000000000003, 114.00000000000003, 116.0, 116.0, 127.99999999999999, 127.99999999999999, 127.99999999999999, 127.99999999999999, 134.00000000000003, 134.00000000000003, 134.00000000000003, 134.00000000000003, 150.0, 150.0, 150.0, 150.0, 150.0, 150.0, 150.0, 150.0, 150.0, 150.0, 150.0, 150.0, 150.0], "1": [107.00000000000001, 107.99999999999999, 108.99999999999999, 108.99999999999999, 117.00000000000001, 117.00000000000001, 117.00000000000001, 117.00000000000001, 117.00000000000001, 117.00000000000001, 118.99999999999999, 118.99999999999999, 118.99999999999999, 118.99999999999999, 118.99999999999999, 135.0, 135.0, 135.0, 135.0, 143.00000000000003, 143.00000000000003, 143.00000000000003, 143.00000000000003, 143.00000000000003, 143.00000000000003, 143.00000000000003, 144.0, 144.0, 144.0, 144.0], "2": [103.0, 108.00000000000003, 108.00000000000003, 109.0, 120.0, 120.0, 120.0, 120.0, 121.00000000000001, 121.00000000000001, 121.00000000000001, 121.00000000000001, 121.00000000000001, 121.00000000000001, 121.00000000000001, 121.00000000000001, 122.00000000000003, 122.00000000000003, 129.0, 129.0, 139.00000000000003, 139.00000000000003, 139.00000000000003, 139.00000000000003, 139.00000000000003, 139.00000000000003, 139.00000000000003, 139.00000000000003, 139.00000000000003, 139.00000000000003], "3": [99.0, 102.0, 102.99999999999999, 102.99999999999999, 104.0, 104.0, 110.0, 110.0, 111.00000000000001, 115.00000000000001, 115.00000000000001, 126.0, 128.0, 128.0, 128.0, 128.0, 128.0, 128.0, 128.0, 128.0, 128.0, 128.0, 128.0, 128.0, 132.0, 132.0, 132.0, 132.0, 132.0, 132.0], "4": [102.00000000000001, 102.00000000000001, 112.0, 112.0, 112.0, 112.0, 115.00000000000001, 115.00000000000001, 115.00000000000001, 115.00000000000001, 117.00000000000001, 117.00000000000001, 117.00000000000001, 117.00000000000001, 119.0, 119.0, 129.0, 129.0, 129.0, 129.0, 130.0, 130.0, 130.0, 130.0, 130.0, 133.00000000000003, 133.00000000000003, 134.00000000000003, 136.0, 136.0], "5": [105.00000000000001, 105.00000000000001, 117.00000000000003, 117.00000000000003, 117.00000000000003, 117.00000000000003, 117.00000000000003, 117.00000000000003, 117.00000000000003, 117.00000000000003, 117.00000000000003, 120.00000000000001, 120.00000000000001, 120.00000000000001, 120.00000000000001, 120.00000000000001, 127.00000000000001, 127.00000000000001, 127.00000000000001, 128.0, 128.0, 128.0, 128.0, 128.0, 130.0, 130.0, 130.0, 130.0, 133.0, 139.00000000000003], "6": [111.00000000000001, 111.00000000000001, 116.00000000000001, 116.00000000000001, 116.00000000000001, 116.00000000000001, 116.00000000000001, 116.00000000000001, 116.00000000000001, 122.99999999999997, 122.99999999999997, 125.0, 126.0, 126.0, 134.00000000000003, 134.00000000000003, 134.00000000000003, 134.00000000000003, 134.00000000000003, 137.0, 137.0, 137.0, 137.0, 137.0, 137.0, 137.0, 137.0, 137.0, 137.0, 137.00000000000003], "7": [99.0, 121.00000000000001, 121.00000000000001, 121.00000000000001, 121.00000000000001, 121.00000000000001, 121.00000000000001, 121.00000000000001, 121.00000000000001, 130.0, 130.0, 130.0, 130.0, 130.0, 130.0, 130.0, 130.0, 130.0, 130.0, 130.0, 130.0, 130.0, 130.0, 130.0, 134.0, 136.0, 136.0, 136.0, 136.0, 145.00000000000003], "8": [109.0, 109.0, 115.0, 115.0, 115.0, 116.00000000000001, 126.0, 126.0, 126.0, 126.0, 126.0, 126.0, 126.0, 128.0, 128.0, 135.00000000000003, 135.00000000000003, 135.00000000000003, 135.00000000000003, 135.00000000000003, 135.00000000000003, 135.00000000000003, 135.00000000000003, 135.00000000000003, 135.00000000000003, 135.00000000000003, 139.0, 140.0, 140.0, 140.0], "9": [103.00000000000003, 110.00000000000001, 118.0, 118.0, 118.0, 118.0, 118.0, 118.0, 118.0, 131.0, 131.0, 131.0, 131.0, 131.0, 131.0, 131.0, 137.0, 137.0, 137.0, 137.0, 137.0, 137.0, 137.0, 137.0, 138.0, 138.0, 138.0, 138.0, 138.0, 138.0]}