{"0": [107.0, 107.0, 107.0, 111.00000000000001, 111.00000000000001, 111.00000000000001, 112.00000000000001, 112.00000000000001, 112.00000000000001, 112.00000000000001, 112.00000000000001, 112.00000000000001, 114.00000000000003, 116.00000000000001, 117.00000000000001, 122.00000000000001, 127.99999999999999, 127.99999999999999, 129.99999999999997, 129.99999999999997, 129.99999999999997, 129.99999999999997, 129.99999999999997, 129.99999999999997, 129.99999999999997, 129.99999999999997, 129.99999999999997, 129.99999999999997, 129.99999999999997, 129.99999999999997, 129.99999999999997, 137.0, 137.0, 137.0, 137.0, 137.0, 138.0, 138.0, 138.0, 138.0, 138.0, 138.0, 138.0, 138.0, 138.0, 138.0, 138.0, 138.0, 138.0, 138.0, 138.0, 138.0, 138.0, 138.0, 138.0, 147.0, 147.0, 147.0, 147.0, 147.0, 147.0, 147.0, 147.0, 147.0, 147.0, 147.0, 147.0, 147.0, 147.0, 147.0, 147.0, 147.0, 147.0, 147.0, 147.0, 157.00000000000003, 157.00000000000003, 157.00000000000003, 157.00000000000003, 157.00000000000003, 157.00000000000003, 157.00000000000003, 157.00000000000003, 157.00000000000003, 157.00000000000003, 157.00000000000003, 157.00000000000003, 157.00000000000003, 157.00000000000003, 157.00000000000003, 157.00000000000003, 157.00000000000003, 157.00000000000003, 157.00000000000003, 157.00000000000003, 157.00000000000003, 157.00000000000003, 157.00000000000003, 157.00000000000003, 157.00000000000003], "1": [112.00000000000003, 112.00000000000003, 112.00000000000003, 112.00000000000003, 112.00000000000003, 112.00000000000003, 112.00000000000003, 112.99999999999999, 112.99999999999999, 114.0, 114.0, 118.99999999999999, 118.99999999999999, 118.99999999999999, 118.99999999999999, 123.0, 129.0, 129.00000000000003, 129.00000000000003, 141.0, 141.0, 141.0, 142.0, 142.0, 142.0, 142.0, 142.0, 142.0, 142.0, 142.0, 142.0, 142.0, 142.0, 142.0, 142.0, 142.0, 142.0, 142.0, 142.0, 152.00000000000003, 152.00000000000003, 152.00000000000003, 152.00000000000003, 152.00000000000003, 152.00000000000003, 152.00000000000003, 152.00000000000003, 152.00000000000003, 152.00000000000003, 152.00000000000003, 152.00000000000003, 152.00000000000003, 152.00000000000003, 152.00000000000003, 152.00000000000003, 152.00000000000003, 152.00000000000003, 152.00000000000003, 152.00000000000003, 152.00000000000003, 152.00000000000003, 152.00000000000003, 152.00000000000003, 152.00000000000003, 152.00000000000003, 152.00000000000003, 152.00000000000003, 152.00000000000003, 152.00000000000003, 152.00000000000003, 152.00000000000003, 152.00000000000003, 152.00000000000003, 152.00000000000003, 152.00000000000003, 152.00000000000003, 152.00000000000003, 152.00000000000003, 152.00000000000003, 152.00000000000003, 152.00000000000003, 152.00000000000003, 152.00000000000003, 152.00000000000003, 152.00000000000003, 152.00000000000003, 152.00000000000003, 152.00000000000003, 152.00000000000003, 152.00000000000003, 152.00000000000003, 152.00000000000003, 152.00000000000003, 152.00000000000003, 152.00000000000003, 152.00000000000003, 152.00000000000003, 152.00000000000003, 152.00000000000003, 152.00000000000003], "2": [100.00000000000001, 113.0, 113.0, 113.0, 113.0, 113.0, 113.0, 113.0, 115.00000000000001, 115.00000000000001, 122.0, 122.0, 122.0, 122.0, 122.0, 122.0, 122.0, 122.0, 122.0, 122.0, 129.0, 129.0, 129.0, 129.0, 129.0, 129.0, 129.0, 129.0, 129.0, 129.0, 130.0, 130.0, 130.0, 130.0, 132.0, 132.0, 132.0, 132.0, 132.0, 132.0, 132.0, 132.0, 132.0, 132.0, 132.0, 132.0, 136.0, 136.0, 136.0, 136.0, 136.0, 136.0, 136.0, 136.0, 136.0, 137.0, 137.0, 144.0, 144.0, 144.0, 144.0, 144.0, 144.0, 144.0, 144.0, 144.0, 144.0, 144.0, 144.0, 144.0, 144.0, 144.0, 144.0, 144.0, 144.0, 144.0, 144.0, 144.0, 144.0, 144.0, 144.0, 144.0, 144.0, 144.0, 144.0, 144.0, 144.0, 144.0, 144.0, 144.0, 144.0, 144.0, 144.0, 144.0, 144.0, 144.0, 144.0, 144.0, 144.0, 144.0], "3": [101.0, 113.00000000000003, 113.00000000000003, 113.00000000000003, 113.00000000000003, 113.00000000000003, 113.00000000000003, 115.00000000000001, 115.00000000000001, 115.00000000000001, 115.00000000000001, 115.00000000000001, 117.0, 117.0, 117.0, 119.99999999999999, 119.99999999999999, 119.99999999999999, 119.99999999999999, 121.0, 124.0, 124.0, 124.0, 124.0, 124.0, 124.0, 124.0, 124.0, 127.00000000000001, 127.00000000000001, 127.00000000000001, 127.00000000000001, 127.00000000000001, 127.99999999999999, 127.99999999999999, 127.99999999999999, 127.99999999999999, 127.99999999999999, 127.99999999999999, 127.99999999999999, 127.99999999999999, 130.00000000000003, 130.00000000000003, 135.00000000000003, 135.00000000000003, 135.00000000000003, 135.00000000000003, 135.00000000000003, 136.0, 136.0, 136.0, 136.0, 136.0, 136.0, 136.0, 136.0, 136.0, 136.0, 136.0, 136.0, 136.0, 136.0, 136.0, 136.0, 136.0, 136.0, 136.0, 136.0, 136.0, 136.0, 136.0, 136.0, 136.0, 136.0, 136.0, 136.0, 138.0, 138.0, 138.0, 138.0, 138.0, 142.0, 142.0, 142.0, 142.0, 142.0, 142.0, 142.0, 142.0, 142.0, 142.0, 142.0, 142.0, 142.0, 142.0, 142.0, 142.0, 142.0, 142.0, 142.0], "4": [102.00000000000001, 112.00000000000001, 112.00000000000001, 112.00000000000001, 112.00000000000001, 113.00000000000003, 113.00000000000003, 113.00000000000003, 113.00000000000003, 116.0, 116.0, 116.0, 116.0, 127.00000000000001, 127.00000000000001, 127.00000000000001, 127.00000000000001, 129.0, 129.0, 135.00000000000003, 135.00000000000003, 135.00000000000003, 135.00000000000003, 135.00000000000003, 135.00000000000003, 135.00000000000003, 135.00000000000003, 135.00000000000003, 135.00000000000003, 135.00000000000003, 142.00000000000003, 142.00000000000003, 142.00000000000003, 142.00000000000003, 142.00000000000003, 142.00000000000003, 142.00000000000003, 142.00000000000003, 142.00000000000003, 142.00000000000003, 142.00000000000003, 142.00000000000003, 142.00000000000003, 142.00000000000003, 142.00000000000003, 142.00000000000003, 142.00000000000003, 142.00000000000003, 142.00000000000003, 142.00000000000003, 145.00000000000003, 145.00000000000003, 145.00000000000003, 145.00000000000003, 145.00000000000003, 145.00000000000003, 145.00000000000003, 145.00000000000003, 145.00000000000003, 145.00000000000003, 145.00000000000003, 145.00000000000003, 145.00000000000003, 145.00000000000003, 145.00000000000003, 145.00000000000003, 145.00000000000003, 145.00000000000003, 145.00000000000003, 145.00000000000003, 145.00000000000003, 145.00000000000003, 145.00000000000003, 145.00000000000003, 145.00000000000003, 145.00000000000003, 145.00000000000003, 145.00000000000003, 145.00000000000003, 145.00000000000003, 145.00000000000003, 152.0, 152.0, 152.0, 152.0, 152.0, 152.0, 152.0, 152.0, 152.0, 152.0, 152.0, 152.0, 152.0, 152.0, 152.0, 152.0, 152.0, 152.0, 152.0], "5": [99.0, 104.0, 112.0, 126.00000000000001, 126.00000000000001, 126.00000000000001, 126.00000000000001, 126.00000000000001, 126.00000000000001, 126.00000000000001, 126.00000000000001, 130.0, 130.0, 130.0, 130.0, 130.0, 130.0, 130.0, 130.0, 130.0, 130.0, 130.0, 130.0, 130.0, 130.0, 130.0, 130.0, 130.0, 130.0, 130.0, 130.0, 130.0, 130.0, 139.0, 139.0, 139.0, 139.0, 139.0, 139.0, 139.0, 139.0, 139.0, 139.0, 139.0, 139.0, 139.0, 139.0, 139.0, 139.0, 139.0, 139.0, 139.0, 139.0, 139.0, 139.0, 139.0, 139.0, 139.0, 139.0, 145.0, 145.0, 145.0, 145.0, 145.0, 145.0, 145.0, 145.0, 145.0, 145.0, 145.0, 145.0, 145.0, 145.0, 145.0, 145.0, 145.0, 145.0, 145.0, 145.0, 145.0, 145.0, 145.0, 145.0, 145.0, 145.0, 145.0, 145.0, 145.0, 145.0, 145.0, 145.0, 145.0, 145.0, 145.0, 145.0, 145.0, 145.0, 145.0, 145.0, 145.0],