{"0": [106.0, 106.0, 112.00000000000001, 112.00000000000001, 112.00000000000001, 112.00000000000001, 112.00000000000001, 119.00000000000003, 119.00000000000003, 119.00000000000003, 119.00000000000003, 128.0, 128.0, 128.0, 128.0, 128.0, 128.0, 128.0, 128.0, 128.0, 128.0, 128.0, 132.0, 133.0, 133.0, 133.0, 133.0, 133.0, 133.0, 133.0], "1": [96.00000000000001, 107.0, 107.0, 121.00000000000001, 121.00000000000001, 121.00000000000001, 121.00000000000001, 122.0, 122.0, 122.0, 122.0, 122.0, 122.0, 122.0, 122.0, 122.0, 122.0, 129.0, 129.0, 129.0, 135.00000000000003, 135.00000000000003, 135.00000000000003, 135.00000000000003, 135.00000000000003, 135.00000000000003, 135.00000000000003, 135.00000000000003, 135.00000000000003, 135.00000000000003], "2": [94.0, 111.0, 111.0, 111.0, 121.00000000000001, 121.00000000000001, 121.00000000000001, 121.00000000000001, 121.00000000000001, 121.00000000000001, 127.00000000000001, 127.00000000000001, 127.00000000000001, 127.00000000000001, 127.00000000000001, 127.00000000000001, 127.00000000000001, 127.00000000000001, 127.99999999999999, 127.99999999999999, 129.0, 129.0, 129.99999999999997, 129.99999999999997, 146.0, 146.0, 146.0, 146.0, 146.0, 146.0], "3": [101.0, 123.0, 123.0, 123.0, 123.0, 123.0, 123.0, 123.0, 123.0, 127.0, 127.0, 127.0, 127.0, 133.0, 133.0, 133.0, 133.0, 133.0, 133.0, 133.0, 133.0, 133.0, 133.0, 133.0, 133.0, 133.0, 133.0, 133.0, 133.0, 133.0], "4": [108.00000000000003, 108.00000000000003, 108.00000000000003, 116.00000000000001, 116.00000000000001, 116.00000000000001, 116.00000000000001, 116.00000000000001, 116.00000000000001, 116.00000000000001, 116.00000000000001, 116.00000000000001, 116.00000000000001, 116.00000000000003, 129.0, 129.0, 132.00000000000003, 132.00000000000003, 132.00000000000003, 132.00000000000003, 132.00000000000003, 142.0, 142.0, 142.0, 142.0, 142.0, 142.0, 142.0, 142.0, 145.00000000000003], "5": [107.0, 107.0, 107.0, 107.0, 109.0, 110.0, 110.0, 110.0, 118.0, 118.0, 123.0, 123.0, 123.0, 125.0, 125.0, 125.0, 125.0, 125.0, 137.0, 137.0, 137.0, 137.0, 137.0, 137.0, 137.0, 137.0, 137.0, 137.0, 137.0, 137.0], "6": [103.00000000000003, 122.99999999999999, 122.99999999999999, 122.99999999999999, 122.99999999999999, 122.99999999999999, 122.99999999999999, 122.99999999999999, 122.99999999999999, 122.99999999999999, 122.99999999999999, 126.0, 126.0, 126.0, 126.0, 126.0, 126.0, 126.0, 126.0, 126.0, 126.0, 126.0, 129.0, 129.0, 129.0, 129.0, 129.0, 134.0, 134.0, 134.0], "7": [96.00000000000001, 99.0, 102.00000000000001, 112.00000000000001, 133.00000000000006, 133.00000000000006, 133.00000000000006, 133.00000000000006, 133.00000000000006, 133.00000000000006, 133.00000000000006, 133.00000000000006, 133.00000000000006, 133.00000000000006, 133.00000000000006, 133.00000000000006, 133.00000000000006, 133.00000000000006, 133.00000000000006, 136.0, 136.0, 144.0, 144.0, 144.0, 144.0, 144.0, 144.0, 144.0, 144.0, 144.0], "8": [114.0, 114.0, 114.0, 114.0, 114.0, 119.0, 119.0, 119.0, 119.0, 119.0, 119.0, 119.0, 119.0, 119.0, 119.0, 119.0, 119.0, 119.0, 125.0, 125.0, 125.0, 125.0, 125.0, 127.00000000000003, 127.00000000000003, 129.99999999999997, 129.99999999999997, 129.99999999999997, 129.99999999999997, 129.99999999999997], "9": [94.99999999999999, 102.00000000000001, 115.00000000000001, 119.00000000000003, 119.00000000000003, 126.0, 126.0, 126.0, 126.0, 126.0, 126.0, 126.0, 126.0, 126.0, 126.0, 136.0, 136.0, 136.0, 136.0, 136.0, 136.0, 136.0, 136.0, 136.0, 136.0, 136.0, 138.00000000000003, 139.0, 139.0, 139.0]}