{"0": [106.00000000000001, 108.99999999999999, 108.99999999999999, 108.99999999999999, 111.00000000000001, 111.00000000000001, 111.00000000000001, 121.0, 121.0, 131.0, 131.0, 131.0, 131.0, 131.0, 131.0, 131.0, 131.0, 131.0, 131.0, 131.0, 131.0, 131.0, 131.0, 131.0, 131.0, 131.0, 134.00000000000003, 134.00000000000003, 136.0, 136.0, 136.0, 136.0, 136.0, 140.00000000000003, 140.00000000000003, 140.00000000000003, 140.00000000000003, 140.00000000000003, 140.00000000000003, 140.00000000000003, 147.0, 147.0, 147.0, 147.0, 147.0, 147.0, 147.0, 147.0, 147.0, 147.0, 147.0, 147.0, 147.0, 147.0, 147.0, 147.0, 147.0, 147.0, 147.0, 147.0, 147.0, 147.0, 147.0, 147.0, 147.0, 147.0, 147.0, 147.0, 147.0, 147.0, 147.0, 147.0, 147.0, 147.0, 147.0, 147.0, 147.0, 147.0, 147.0, 147.0, 147.0, 147.0, 147.0, 147.0, 147.0, 147.0, 147.0, 147.0, 147.0, 147.0, 147.0, 147.0, 147.0, 147.0, 147.0, 147.0, 147.0, 147.0, 147.0, 147.0], "1": [107.0, 107.0, 114.0, 123.0, 123.0, 123.0, 123.0, 123.0, 123.0, 123.0, 123.0, 126.00000000000003, 126.00000000000003, 126.00000000000003, 126.00000000000003, 126.00000000000003, 126.00000000000003, 135.00000000000003, 135.00000000000003, 135.00000000000003, 135.00000000000003, 135.00000000000003, 135.00000000000003, 135.00000000000003, 135.00000000000003, 135.00000000000003, 135.00000000000003, 136.0, 136.0, 136.0, 136.0, 136.0, 138.0, 138.0, 138.0, 138.0, 140.00000000000003, 140.00000000000003, 142.0, 142.0, 142.0, 142.0, 142.0, 142.0, 142.0, 142.0, 142.0, 142.0, 142.0, 142.0, 142.0, 142.0, 142.0, 142.0, 142.0, 142.0, 142.0, 142.0, 142.0, 142.0, 142.0, 142.0, 142.0, 142.0, 142.0, 142.0, 142.0, 142.0, 148.0, 148.0, 148.0, 148.0, 148.0, 148.0, 148.0, 148.0, 148.0, 148.0, 148.0, 148.0, 148.0, 148.0, 148.0, 148.0, 148.0, 148.0, 148.0, 148.0, 148.0, 148.0, 148.0, 148.0, 148.0, 148.0, 148.0, 156.0, 156.0, 156.0, 156.0, 156.0], "2": [111.0, 111.0, 111.0, 111.0, 111.0, 111.0, 116.00000000000001, 117.99999999999999, 118.0, 124.0, 124.0, 124.0, 128.00000000000003, 128.00000000000003, 128.00000000000003, 129.99999999999997, 129.99999999999997, 129.99999999999997, 129.99999999999997, 132.0, 132.0, 132.0, 132.0, 132.0, 132.0, 132.0, 132.0, 132.0, 132.0, 132.0, 132.0, 132.0, 137.0, 137.0, 137.0, 137.0, 137.0, 137.0, 137.0, 137.0, 137.0, 137.0, 137.0, 137.0, 137.0, 137.0, 137.0, 137.0, 137.0, 137.0, 137.0, 137.0, 137.0, 137.0, 137.0, 137.0, 137.0, 137.0, 137.0, 137.0, 137.0, 137.0, 137.0, 137.0, 137.0, 149.00000000000003, 149.00000000000003, 149.00000000000003, 149.00000000000003, 149.00000000000003, 149.00000000000003, 149.00000000000003, 149.00000000000003, 149.00000000000003, 149.00000000000003, 149.00000000000003, 149.00000000000003, 149.00000000000003, 149.00000000000003, 149.00000000000003, 149.00000000000003, 149.00000000000003, 149.00000000000003, 149.00000000000003, 149.00000000000003, 149.00000000000003, 149.00000000000003, 149.00000000000003, 149.00000000000003, 149.00000000000003, 149.00000000000003, 149.00000000000003, 149.00000000000003, 149.00000000000003, 149.00000000000003, 149.00000000000003, 149.00000000000003, 149.00000000000003, 149.00000000000003, 149.00000000000003], "3": [108.99999999999999, 109.00000000000003, 109.00000000000003, 110.0, 110.0, 110.0, 110.0, 110.0, 110.0, 130.00000000000003, 130.00000000000003, 130.00000000000003, 130.00000000000003, 130.00000000000003, 130.00000000000003, 130.00000000000003, 130.00000000000003, 133.00000000000003, 133.00000000000003, 133.00000000000003, 133.00000000000003, 139.00000000000003, 139.00000000000003, 139.00000000000003, 139.00000000000003, 139.00000000000003, 139.00000000000003, 139.00000000000003, 139.00000000000003, 139.00000000000003, 139.00000000000003, 139.00000000000003, 139.00000000000003, 139.00000000000003, 139.00000000000003, 139.00000000000003, 139.00000000000003, 139.00000000000003, 139.00000000000003, 139.00000000000003, 139.00000000000003, 139.00000000000003, 139.00000000000003, 142.0, 142.0, 142.0, 145.0, 145.0, 145.0, 145.0, 145.0, 145.0, 145.0, 145.0, 145.0, 145.0, 145.0, 145.0, 145.0, 145.0, 145.0, 145.0, 145.0, 149.0, 149.0, 149.0, 149.0, 149.0, 149.0, 149.0, 149.0, 149.0, 149.0, 149.0, 149.0, 149.0, 149.0, 149.0, 149.0, 149.0, 149.0, 149.0, 149.0, 149.0, 149.0, 149.0, 149.0, 149.0, 149.0, 149.0, 149.0, 149.0, 149.0, 149.0, 149.0, 149.0, 149.0, 149.0, 149.0, 149.0], "4": [124.0, 124.0, 124.0, 124.0, 124.0, 124.0, 124.0, 124.0, 124.0, 124.0, 124.0, 124.0, 124.0, 127.00000000000001, 127.00000000000001, 127.00000000000001, 127.00000000000001, 127.00000000000001, 127.00000000000001, 127.00000000000001, 127.00000000000001, 127.00000000000001, 127.00000000000001, 127.00000000000001, 127.00000000000001, 127.00000000000001, 133.0, 133.0, 133.0, 133.0, 138.00000000000003, 138.00000000000003, 138.00000000000003, 138.00000000000003, 138.00000000000003, 138.00000000000003, 145.00000000000003, 145.00000000000003, 145.00000000000003, 145.00000000000003, 145.00000000000003, 145.00000000000003, 145.00000000000003, 145.00000000000003, 145.00000000000003, 145.00000000000003, 145.00000000000003, 145.00000000000003, 145.00000000000003, 145.00000000000003, 145.00000000000003, 145.00000000000003, 145.00000000000003, 145.00000000000003, 145.00000000000003, 145.00000000000003, 145.00000000000003, 145.00000000000003, 145.00000000000003, 145.00000000000003, 145.00000000000003, 145.00000000000003, 145.00000000000003, 145.00000000000003, 145.00000000000003, 145.00000000000003, 145.00000000000003, 145.00000000000003, 145.00000000000003, 145.00000000000003, 145.00000000000003, 145.00000000000003, 145.00000000000003, 145.00000000000003, 145.00000000000003, 145.00000000000003, 145.00000000000003, 145.00000000000003, 145.00000000000003, 145.00000000000003, 145.00000000000003, 145.00000000000003, 145.00000000000003, 145.00000000000003, 145.00000000000003, 145.00000000000003, 145.00000000000003, 145.00000000000003, 145.00000000000003, 145.00000000000003, 145.00000000000003, 145.00000000000003, 145.00000000000003, 145.00000000000003, 145.00000000000003, 145.00000000000003, 145.00000000000003, 145.00000000000003, 145.00000000000003, 145.00000000000003], "5": [105.0, 116.00000000000001, 116.00000000000001, 116.00000000000001, 116.00000000000001, 116.00000000000001, 116.00000000000001, 116.00000000000001, 116.00000000000001, 116.00000000000001, 121.00000000000001, 121.00000000000001, 121.00000000000001, 121.00000000000001, 123.0, 123.0, 124.00000000000003, 124.00000000000003, 124.00000000000003, 124.00000000000003, 129.0, 129.0, 129.0, 129.0, 129.0, 129.0, 129.0, 131.0, 131.0, 131.0, 131.0, 131.0, 131.0, 131.0, 131.0, 131.0, 131.0, 131.0, 131.0, 131.0, 131.0, 133.0, 133.0, 133.0, 144.00000000000003, 144.00000000000003, 144.00000000000003, 144.00000000000003, 144.00000000000003, 144.00000000000003, 144.00000000000003, 144.00000000000003, 144.00000000000003, 144.00000000000003, 144.00000000000003, 144.00000000000003, 144.00000000000003, 144.00000000000003, 144.00000000000003, 144.00000000000003, 144.00000000000003, 144.00000000000003, 144.00000000000003, 144.00000000000003, 144.00000000000003, 144.00000000000003, 144.00000000000003, 144.00000000000003, 144.00000000000003, 144.00000000000003, 144.00000000000003, 144.00000000000003, 146.0, 146.0, 146.0, 146.0, 146.0, 146.0, 146.0, 146.0, 146.0, 146.0, 146.0, 146.0, 146.0, 146.0, 146.0, 146.0, 146.0, 146.0, 146.0, 146.0, 146.0, 146.0, 146.0, 146.0, 146.0, 146.0, 146.0, 146.0],