{"0": [127.00000000000001, 127.00000000000001, 127.00000000000001, 127.00000000000001, 127.00000000000001, 127.00000000000001, 127.00000000000001, 127.00000000000001, 127.00000000000001, 127.00000000000001, 127.00000000000001, 127.00000000000001, 127.00000000000001, 127.00000000000001, 139.99999999999997, 139.99999999999997, 139.99999999999997, 139.99999999999997, 139.99999999999997, 139.99999999999997, 139.99999999999997, 139.99999999999997, 139.99999999999997, 139.99999999999997, 139.99999999999997, 139.99999999999997, 139.99999999999997, 139.99999999999997, 141.0, 141.0, 141.0, 141.0, 141.0, 141.0, 141.0, 141.0, 141.0, 141.0, 141.0, 141.0, 141.0, 141.0, 141.0, 141.0, 141.0, 141.0, 141.0, 141.0, 141.0, 141.0, 141.0, 141.0, 141.0, 141.0, 141.0, 141.0, 141.0, 141.0, 141.0, 141.0, 145.00000000000003, 145.00000000000003, 147.0, 147.0, 147.0, 147.0, 147.0, 147.0, 147.0, 147.0, 147.0, 147.0, 147.0, 147.0, 147.0, 147.0, 147.0, 147.0, 147.0, 147.0, 147.0, 147.0, 147.0, 147.0, 147.0, 147.0, 147.0, 147.0, 147.0, 147.0, 147.0, 147.0, 147.0, 147.0, 147.0, 147.0, 147.0, 147.0, 147.0, 147.0], "1": [114.0, 114.0, 114.0, 114.0, 115.0, 125.99999999999997, 125.99999999999997, 125.99999999999997, 125.99999999999997, 125.99999999999997, 125.99999999999997, 125.99999999999997, 125.99999999999997, 125.99999999999997, 125.99999999999997, 143.0, 143.0, 143.0, 143.0, 143.0, 143.0, 143.0, 143.0, 143.0, 143.0, 143.0, 143.0, 143.0, 143.0, 143.0, 143.0, 143.0, 143.0, 143.0, 143.0, 143.0, 143.0, 143.0, 143.0, 143.0, 143.0, 143.0, 143.0, 143.0, 143.0, 143.0, 143.0, 143.0, 143.0, 143.0, 143.0, 143.0, 143.0, 143.0, 143.0, 143.0, 143.0, 143.0, 143.0, 145.00000000000003, 145.00000000000003, 145.00000000000003, 145.00000000000003, 145.00000000000003, 145.00000000000003, 145.00000000000003, 145.00000000000003, 145.00000000000003, 145.00000000000003, 145.00000000000003, 145.00000000000003, 145.00000000000003, 145.00000000000003, 145.00000000000003, 145.00000000000003, 145.00000000000003, 145.00000000000003, 145.00000000000003, 145.00000000000003, 145.00000000000003, 145.00000000000003, 145.00000000000003, 145.00000000000003, 145.00000000000003, 145.00000000000003, 145.00000000000003, 145.00000000000003, 145.00000000000003, 145.00000000000003, 145.00000000000003, 145.00000000000003, 145.00000000000003, 145.00000000000003, 145.00000000000003, 145.00000000000003, 145.00000000000003, 145.00000000000003, 145.00000000000003, 145.00000000000003, 145.00000000000003], "2": [98.99999999999999, 98.99999999999999, 104.99999999999999, 104.99999999999999, 108.0, 108.0, 108.0, 108.00000000000003, 111.0, 119.00000000000003, 119.00000000000003, 119.00000000000003, 119.00000000000003, 119.00000000000003, 119.00000000000003, 119.00000000000003, 119.00000000000003, 137.00000000000003, 137.00000000000003, 137.00000000000003, 137.00000000000003, 137.00000000000003, 137.00000000000003, 137.00000000000003, 137.00000000000003, 137.00000000000003, 137.00000000000003, 137.00000000000003, 137.00000000000003, 137.00000000000003, 137.00000000000003, 137.00000000000003, 142.0, 142.0, 142.0, 142.0, 142.0, 142.0, 142.0, 142.0, 142.0, 142.0, 142.0, 142.0, 142.0, 142.0, 142.0, 142.0, 142.0, 142.0, 142.0, 142.0, 142.0, 142.0, 143.0, 143.0, 143.0, 143.0, 143.0, 143.0, 143.0, 143.0, 143.0, 143.0, 143.0, 143.0, 143.0, 143.0, 143.0, 143.0, 143.0, 143.0, 143.0, 143.0, 143.0, 143.0, 143.0, 143.0, 143.0, 143.0, 143.0, 143.0, 143.0, 143.0, 143.0, 143.0, 143.0, 143.0, 143.0, 143.0, 143.0, 143.0, 143.0, 143.0, 143.0, 143.0, 143.0, 143.0, 143.0, 143.0], "3": [94.0, 111.0, 111.0, 111.0, 111.0, 111.0, 111.0, 111.0, 111.0, 111.0, 111.0, 118.00000000000003, 118.00000000000003, 118.00000000000003, 118.00000000000003, 118.00000000000003, 121.0, 121.0, 127.00000000000001, 127.00000000000001, 127.00000000000001, 127.00000000000001, 127.00000000000001, 127.00000000000001, 127.00000000000001, 137.00000000000003, 137.00000000000003, 137.00000000000003, 137.00000000000003, 137.00000000000003, 137.00000000000003, 137.00000000000003, 137.00000000000003, 137.00000000000003, 137.00000000000003, 137.00000000000003, 139.0, 139.0, 139.0, 139.0, 139.0, 139.0, 140.00000000000003, 140.00000000000003, 140.00000000000003, 140.00000000000003, 140.00000000000003, 140.00000000000003, 140.00000000000003, 140.00000000000003, 141.0, 141.0, 141.0, 141.0, 141.0, 141.0, 141.0, 141.0, 141.0, 141.0, 141.0, 141.0, 141.0, 141.0, 141.0, 141.0, 141.0, 141.0, 141.0, 141.0, 141.0, 141.0, 141.0, 141.0, 141.0, 141.0, 141.0, 141.0, 143.0, 143.0, 143.0, 143.0, 143.0, 143.0, 143.0, 143.0, 143.0, 143.0, 143.0, 143.0, 143.0, 143.0, 143.0, 143.0, 144.00000000000003, 144.00000000000003, 144.00000000000003, 144.00000000000003, 144.00000000000003, 144.00000000000003], "4": [94.0, 99.0, 104.0, 104.0, 107.99999999999999, 107.99999999999999, 107.99999999999999, 119.00000000000003, 119.00000000000003, 120.00000000000001, 120.00000000000001, 120.00000000000001, 120.00000000000001, 120.00000000000001, 120.00000000000001, 120.00000000000001, 129.0, 141.0, 141.0, 141.0, 141.0, 141.0, 141.0, 141.0, 141.0, 141.0, 141.0, 141.0, 141.0, 141.0, 141.0, 141.0, 141.0, 141.0, 141.0, 141.0, 141.0, 141.0, 141.0, 141.0, 141.0, 141.0, 141.0, 161.0, 161.0, 161.0, 161.0, 161.0, 161.0, 161.0, 161.0, 161.0, 161.0, 161.0, 161.0, 161.0, 161.0, 161.0, 161.0, 161.0, 161.0, 161.0, 161.0, 161.0, 161.0, 161.0, 161.0, 161.0, 161.0, 161.0, 161.0, 161.0, 161.0, 161.0, 161.0, 161.0, 161.0, 161.0, 161.0, 161.0, 161.0, 161.0, 161.0, 161.0, 161.0, 161.0, 161.0, 161.0, 161.0, 161.0, 161.0, 161.0, 161.0, 161.0, 161.0, 161.0, 161.0, 161.0, 161.0, 161.0], "5": [100.99999999999997, 100.99999999999997, 113.99999999999999, 113.99999999999999, 113.99999999999999, 113.99999999999999, 113.99999999999999, 113.99999999999999, 113.99999999999999, 113.99999999999999, 113.99999999999999, 113.99999999999999, 124.0, 124.0, 124.0, 133.0, 133.0, 133.0, 133.0, 133.0, 133.0, 133.00000000000003, 133.00000000000003, 134.0, 135.0, 135.0, 135.0, 135.0, 135.0, 135.0, 135.0, 135.0, 137.0, 137.0, 137.0, 137.0, 137.0, 137.0, 137.0, 137.0, 137.0, 137.0, 137.0, 137.0, 137.0, 137.0, 137.0, 137.0, 137.0, 137.0, 137.0, 137.0, 137.0, 137.0, 137.0, 137.0, 137.0, 137.0, 137.0, 137.0, 137.0, 137.0, 137.0, 137.0, 137.0, 137.0, 137.0, 137.0, 137.0, 137.0, 137.0, 137.0, 137.0, 137.0, 137.0, 137.0, 137.0, 137.0, 137.0, 137.0, 137.0, 137.0, 137.0, 137.0, 138.00000000000003, 138.00000000000003, 138.00000000000003, 138.00000000000003, 138.00000000000003, 138.00000000000003, 138.00000000000003, 138.00000000000003, 138.00000000000003, 138.00000000000003, 142.0, 142.0, 142.0, 150.0, 150.0, 150.0],